station_code,dis_oxy,ph,conduct,bod,nit,total_coli
1,6.4,8.1,735,3.4,2,73
2,6,8,270,3.1,2,182
3,5.5,7.8,355,4.2,9,133
4,5.5,7.8,371,5.6,3.55,283
5,5.7,7.9,294,3.2,2.69,132
6,4.5,7.5,513,12.6,2.3,320
7,5.2,7.7,475,10.3,1.9,343
8,5.6,7.7,385,3.8,1,292
9,5.2,7.8,410,5.2,1.5,218
10,6.5,7.8,178,2.5,1.99,74
11,6.2,7.9,749,3.5,1.75,80
12,6.4,8,834,4.7,1.8,77
13,6.2,8,925,4.2,6.9,82
14,6.5,8,730,4,2.9,78
15,7,7.9,637,4.7,6.5,80
16,6.4,8,656,3.6,1.8,82
17,6.6,8.1,601,3.2,6.75,80
18,5.5,8.1,826,1.7,1,161
19,6.9,9,526,12,0,285
20,5.7,8.5,575,13,0,700
21,3.2,8.8,803,15,0,1250
22,6.7,9,531,12.5,0,425
23,4.4,8.5,656,13,0,500
24,6.1,8.4,418,6.5,0,500
25,6.6,8.2,421,4,0,700
26,4.1,9.1,518,16.5,0,900
27,6,8.1,443,0.3,1,640
28,5.6,8,462,0.8,1,5280
29,6.1,7.9,666,1.8,0.84,1160
30,5.8,6.9,290,1.2,2.4,628
32,6.1,7.4,480,1.3,1.98,432
33,5.9,7,315,1.2,1.29,1100
44,9,7.4,242,2.5,0.4,1268
45,8,7.4,310,2.7,0.1,630
46,8.2,7.5,293,2.6,0.1,610
47,7.8,7.4,320,3.1,0.1,630
48,7.3,7.5,277,1.4,0,610
49,7.9,7.9,288,2.9,0.2,4467
50,7.3,7.9,276,3.2,0.3,5078
51,7.9,8.2,290,3,0.2,4256
52,7.5,8.2,307,3.4,0.2,4856
53,6.3,7.7,430,5.5,0.3,54333
54,8,7.8,213,3.7,0.8,8250
55,8.2,7.8,209,3.6,0.8,7967
56,8.7,8.3,385,3.6,1.7,29500
57,8.4,8.3,382,3.9,1.8,31833
58,8.5,8.3,404,4.2,2,32417
59,8.4,7.7,290,2.5,0.4,3078
60,8.4,7.6,299,2.6,0.5,6518
61,8.3,8.2,338,2.9,0,3950
62,7.8,8.5,385,4.5,0,47333
63,7.7,8.5,369,3.9,0,25667
64,8.6,8,290,1.8,0,125
65,8.4,8.1,371,2.5,0,3100
66,8.1,8.1,376,2.7,0,9350
67,8.1,8.1,376,2.3,0,3436
68,8.2,8.1,270,2.2,0,2033
69,8.3,8.2,311,2.5,0,3967
70,7.8,7.9,402,2.8,0,19091
71,7.9,8,402,2.7,0,11564
72,7.3,7.7,452,2.5,0,4573
73,8.1,8,386,2.3,0,4982
74,7.8,7.9,277,2.3,0,2770
75,7.7,7.8,295,2.6,0,9430
76,7.6,7.8,268,2.4,0,4411
77,7.7,7.8,280,2.5,0,3722
78,7.7,7.8,276,2.6,0,9044
79,7.8,7.9,265,2.7,0,8511
80,8.2,8.1,352,2.5,0,4683
81,8.1,8.1,375,2.4,0,2855
82,7.8,7.9,260,2.2,0,2529
83,7.8,7.9,267,2.3,0,2478
84,7.8,7.9,270,2.3,0,2844
85,7.7,7.9,262,2.4,0,3020
86,8,8,377,2.4,0,5073
87,7.7,7.9,292,2.3,0,2833
88,7.4,7.9,304,4.2,0.8,287833
89,7.4,7.9,353,3.3,0.7,474917
90,6.9,8,312,2.8,0.8,61283
91,6.7,7.8,315,3.4,0.9,171417
92,6,7.9,323,3.1,0.7,335000
93,6.7,8,319,4.2,0.7,586250
94,6.3,8,314,3.6,0.7,286083
95,6.1,8.1,322,3.2,0.7,542917
96,6.3,8.1,368,3.4,0.6,78083
97,6.9,8,1900,3.7,0.8,88917
98,7.2,7.1,216,1.5,1.4,5525
99,7.7,7.2,256,1.4,1.5,45100
100,6.9,7,273,1.5,2.5,26322
101,7.5,7,298,1.3,1.7,93005
102,7.9,7.2,236,1.4,2.3,134042
103,6,7.3,295,1.1,1.9,8382
104,8.1,7.6,210,0.9,1.2,123400
105,7.3,7.1,168,1.6,0.4,61303
106,7.1,7.2,289,1.6,1.4,8725
107,5.1,7,253,1.5,1.4,180228
108,6.8,8.1,160,3.1,2.9,387
110,6,8.2,262,5.1,1.8,1357
111,6.7,7.6,441,2.9,1.5,80
113,7,7.5,400,2.8,1.2,110
114,6.1,8.4,551,5.6,2.3,1377
115,6.2,8.3,458,4.6,2.3,1481
116,6.1,8.2,413,5.5,1.8,1257
117,7.5,8,685,2.1,2.3,1390
118,7.5,8,808,1.8,2.1,1460
119,5.9,8.3,521,1.5,0.4,1110
120,7.2,8.3,916,1.9,0.2,1483
121,7.1,8.2,718,1.9,0.2,1100
122,6.2,8.3,513,1.4,0.5,1250
124,6.7,8.1,791,2.6,2,611
126,5.7,8.7,1072,1.6,1.2,122
127,6.8,7.9,726,0.9,0.6,1875
128,7,7.8,669,0.6,0.4,1613
129,7.2,8,669,0.7,0.7,1750
130,6.8,8.2,818,2.9,2,860
131,5.5,7.6,14804,0.7,0.7,1450
134,7.7,7.5,465,1.2,0.2,19
135,7.5,7.8,331,1.5,0.2,21
139,4,7.7,196,8.3,0,73727
140,3.7,7.5,273,9.2,0,117273
141,4.5,7.5,281,7,0,65000
142,8.1,8.2,522,2.4,1.8,5975
144,5.4,7.7,394,1,0.1,3600
145,5.8,7.7,298,1,0.1,3533
147,6.3,8.2,573,2.9,0.6,2950
148,6.9,7.3,1560,7.3,9.1,788
149,6.6,7.7,1049,4.3,1.3,1012
150,4.4,7.8,467,3.8,0.5,4550
151,5.7,7.9,370,2.2,0.4,1744
152,6.7,7.7,78,0.4,0.8,96
153,7.2,7.5,219,1.1,0.3,1478
154,7.2,7.9,299,1.4,0.3,1357
155,7.2,7.9,266,1.3,0.3,1345
156,5.5,7.7,282,2.3,0.3,2717
157,7.4,7.7,138,0.7,0.2,408
158,8.1,7.7,108,0.7,0.3,37848
159,7.5,7.7,207,1.1,0.3,20942
160,7.2,7.9,161,1.9,0.2,32509
161,6.3,8.1,555,1.5,0.4,35738
162,7.2,7.9,304,1.8,0.3,42583
163,5.9,8.1,442,0.9,0.2,24552
164,6.4,8.1,481,0.9,0.2,44153
165,8.9,7.1,133,0.3,0.3,9
166,7.9,7.5,295,0.6,1.5,22
167,7.7,7.7,302,1.1,0.3,20
168,7.5,7.7,348,1.4,0.3,20
169,7.9,7.3,242,0.7,1.5,17
170,8.1,7.6,508,1.1,0.4,17
171,7.9,7.6,467,1.4,0.3,17
172,9.3,6.9,82,0.2,0.3,8
173,9.3,6.9,86,0.3,0.4,8
174,9,7,163,0.3,0.3,9
176,1.1,7.4,1499,75.6,0.6,250000
177,0.8,7.4,586,24,0,8150
178,6.4,7.6,576,2.8,2,211
181,6.7,8.5,218,3,0,13310
182,7.1,8.1,386,3.2,0,15300
185,5.6,7.8,317,0.8,0.6,5
187,6,7.9,301,0.8,0.4,5
188,5.9,8.4,546,2,0.6,642
189,5.3,8.2,608,1.3,0.7,14
193,5.2,8.2,556,1,0.6,10
195,0,7.3,1507,40,45.5,1600
199,5.4,8,489,0.9,0.6,7
200,5.2,8.3,587,0.9,0.5,6
202,5.4,7.6,607,5.2,3.3,633
206,6.2,7.7,404,1.2,0.5,6
208,2.4,8.2,1596,7.3,0.9,883
210,5.6,8,265,0.9,0.5,6
211,7.5,7.4,86,2,0.5,6700
212,6.5,7.3,195,1.7,0.8,1530
213,7.1,7.1,287,1.3,1.4,2320
214,8.1,6.7,58,1.3,0.4,4598
215,7.7,6.6,177,1.3,1.6,29558
216,7.7,6.9,157,1.2,1.3,11818
217,7.3,6.5,138,1.7,0.6,615
218,5.8,7.1,220,1.3,1.6,1133
219,5.3,6.8,132,2.3,0.8,62780
220,6.2,6.8,138,1.6,1.3,2975
221,6.3,6.8,136,1,1.4,31975
222,4.9,6.8,177,1.7,1.8,6740
223,6.7,7.4,166,3,0.3,344500
224,7.6,7.6,141,2.4,0.3,15667
225,7.7,7,355,0.8,1.4,5628
233,6.9,8,391,4.1,0.3,5256
235,6.2,7.9,316,5.1,0.3,5056
236,8,8,305,2.6,0,5758
237,3.3,8.4,508,36.5,0,224167
238,7.3,13.2,237,3.7,0.1,4427
239,7.8,8.2,298,2.9,0,10192
240,8.7,8.1,392,2.7,1.3,1879
241,8,8,454,3.3,1.6,3900
242,2.6,7.6,568,9.5,4,118300
243,7.7,8.2,323,3.3,0,16333
244,7.8,8.1,306,3,0,11283
245,7.5,8,478,3.4,0.4,1175
246,7.1,8.1,438,2.8,0.3,494
247,9.2,7.7,187,2.7,0.7,7258
248,7.7,8.1,488,2.9,0.3,455
249,7.5,8.1,529,3.4,0.4,1177
250,8.6,8.2,260,2.2,0,2433
251,7.6,8.1,286,2.4,0.6,2367
252,7.9,8.1,281,2.3,0.6,2633
253,8.1,8.1,232,1.9,0,1533
254,8.2,7.6,250,2.1,0,1567
255,8.3,8,252,2.2,0,1580
256,7.7,7.8,298,2.2,0,2167
257,8.6,8.1,238,2,0,1557
258,8.4,8.1,247,1.8,0,1305
259,7.9,8,302,2.1,0,2317
260,16.3,8.1,269,2,0,1655
261,8,7.4,346,2,0,1180
262,6.5,7.5,319,3.5,0,5025
263,4.2,7.3,418,7.1,0,7640
264,4.3,7.1,450,30,0,6333
265,8,8,290,2.4,0,3250
266,4.4,7.2,370,4.7,0,4450
267,8.1,8.1,228,1.8,0,1257
268,8.6,8.1,338,2.1,0,950
269,7.9,7.8,319,2.2,0,1840
270,8.8,8.2,340,2,0,900
271,5.6,7.4,330,3.5,0,5560
272,7,7.4,184,2,0,1989
273,7.1,7.6,211,2,0,2175
274,7.1,7.4,215,2.1,0,1880
275,7.8,7.8,326,2.4,0,2983
276,5.4,7.5,404,3.3,0,5883
277,7.7,7.8,333,2.3,0,2650
278,4.5,7.2,289,5.3,0,3033
279,7.3,7.8,288,2.8,0,4000
280,7,7.4,251,2.5,0,3157
281,2.1,6.9,461,8.6,0,14367
282,7.2,7.6,299,2.2,0,2750
283,2.1,7.2,457,11,0,16000
284,8,7.9,276,1.7,0,2333
285,8.4,7.9,306,2,0,1400
287,7.9,7.8,300,2.2,0,2467
288,8,7.9,289,2.1,0,1650
289,2.1,7.3,432,9.7,0,12550
290,5.8,7.2,640,6,4.3,4073
291,4.8,7.6,1090,22,3.6,52500
292,5.5,7.3,705,10,5,5433
293,5.1,7.4,1375,23.7,5.9,50333
294,5.5,7.4,745,10,6.1,29333
295,5,7.6,975,16.3,6.1,21667
296,4.9,7.7,1385,27.5,7.7,72000
297,5,7.3,1067,19.3,6.2,39533
298,5.3,7.2,970,13.3,5.9,7133
299,4.9,7.7,1418,21,4.2,49500
300,4.1,7.5,1015,23,6.1,57500
301,4.8,7.4,854,17,4.7,38000
302,4,6.8,370,3,0.8,9
303,7.8,7.8,376,1.3,0.4,17
304,7.7,7.7,354,1.3,0.3,22
305,7.6,7.9,344,1.6,0.4,22
306,4.4,7.1,694,41,1.2,224
307,5.9,8,401,0.9,0.7,15
308,6,7.2,106,0.8,0.4,15
309,5.6,7.9,326,1.1,0.8,4
310,6.2,8.1,592,1,0.7,6
311,6.6,7.8,95,4.9,0.2,36
312,6.9,7.9,99,5,0.4,34
313,6.8,7.7,85,5.2,0.3,23
314,6.7,7.8,80,4.9,0.3,29
315,5.1,7.3,3937,10.3,1.8,83
316,5.6,7.9,468,3.6,1.9,164
317,6.4,7.6,541,5.7,0.6,45
318,5.5,7.4,6166,7.7,1.1,67
319,5.3,7.7,24062,9.9,1.2,304
320,6.7,7.6,83,4.8,0.2,76
321,3.6,7.4,4424,31.3,2.2,474
323,5.9,7.4,268,6.4,0.4,68
324,5.4,7.5,2413,7.4,1.5,116
325,5.8,7.3,384,5.4,0.6,78
326,5.9,7.4,269,5.1,1.2,60
327,6,7.3,269,8.5,0.4,58
328,6.1,7.3,196,6.1,0.5,63
329,5.9,7.4,269,6.4,0.4,47
330,6.3,7.8,223,4.6,0.9,32
336,6.8,7.9,5390,4.9,0.8,28
337,6.6,8.1,161,4.6,0.3,32
338,6.7,8,138,5,0.3,33
339,6.7,7.8,81,4.9,0.3,35
340,5.9,7.7,194,5.5,0.6,51
341,6.3,7.6,186,4.6,0.6,31
342,6.6,7.6,207,4.7,0.7,31
343,6.8,7.7,85,5,0.4,34
351,3.7,7.9,453,7.5,2.2,1468
352,5.8,8.1,523,5.7,2.1,1529
353,5.9,7.9,524,11.1,3,609
354,3.3,7.7,424,13.7,3.1,1800
355,5.3,8,720,7.2,2.9,1700
356,5.4,8,755,7.2,3.2,1675
357,6.4,8.2,991,5.3,2,1425
358,6.2,8.2,1010,5.1,2.3,1529
359,6.8,8.4,949,3.8,0.3,1600
360,6.7,14.7,917,3,0.2,1542
361,7.6,8.1,834,2.1,0.2,1600
362,6.4,8.4,874,3,0.3,1483
363,5.7,7.2,189,2,0.2,8391
364,6.3,6.9,179,1.7,0.1,5330
365,5.8,6.9,64,3.8,0.5,8443
366,5.8,7.3,83,1.9,0.4,5500
367,5.5,7.4,81,1.5,0.1,4049
368,6.1,6.7,308,1.4,0.3,5672
369,6.4,6.7,414,1,0.2,9423
370,6.4,7.6,305,2.2,0.1,4990
371,6.3,7.6,77,2.3,0.1,4301
372,7.1,7.1,176,1.2,0.1,7817
373,6.7,6.4,93,1.4,0.1,3433
374,7.4,6.8,121,1.7,0.4,18125
375,6.9,7,620,1.1,0.1,6300
376,6,7.5,72,1.6,0.2,9517
377,7.3,7,247,1.5,0.2,2453
378,7.3,7,188,1,0.1,3048
379,7,6.9,224,1.2,0.3,6742
380,7.3,6.7,144,1.5,0.1,3052
381,5.3,6.8,319,1.8,0.3,10250
382,6.3,6.4,79,1.6,1.4,12842
383,5.4,7.6,39,1.4,0.1,6367
384,2.2,6.5,322,4.7,1.2,14920
385,5.2,7.1,192,2.6,0.3,8925
386,5.6,7.5,282,1.8,0.1,5082
387,5.5,7.4,275,1.5,0.1,8625
388,7.3,6.7,55,1.4,0.1,4003
389,6.5,7.5,415,2,0.1,1538
390,7.2,6.3,100,1.5,0.1,13575
393,6.6,7.9,1610,4.7,0.4,107
394,5.8,8.2,498,1.3,2,102
395,5.2,8.2,555,1.6,2.9,158
396,6.3,8.4,451,0.8,0.9,90
397,6.6,8.4,427,1,1,82
398,7,7.8,543,2.3,1.3,1400
401,5.1,8.1,369,11.3,1.1,220
402,6,8.2,403,8.9,1,130
403,6.2,8.2,458,8.9,2.2,140
404,5.1,8.2,577,10.7,2.3,140
405,5.4,8.1,678,10.6,2.7,80
406,5.7,8.2,498,8.9,2.1,70
407,7.4,7.4,450,2.2,0.4,67
408,7.3,8,386,2.3,1,95
409,7.7,8.1,292,1.5,4.8,36
410,4.8,8.3,482,10.8,6,277
411,5.9,8.1,341,9.1,1.2,132
412,5.3,8.2,273,9.6,1.7,180
413,6.2,8.2,393,9.1,2.4,170
414,5.3,8.2,388,10.6,1.2,240
415,5.7,8.2,366,8.6,0.9,280
416,5.5,8.2,607,10.4,2.9,193
417,7.4,7.7,403,2.1,0.3,127
418,4.8,8.2,477,10.5,6.7,221
419,5.5,8.2,534,10.1,2.7,157
420,5.1,8.2,523,11.1,2.7,222
421,4.7,8.4,940,15.1,11.5,273
422,4.2,8.4,685,13,8.4,420
423,5.1,8.3,435,9.7,2.5,231
424,6.9,7.5,469,0.8,0.5,1100
426,6.5,7.7,1127,5.7,0.3,108
427,5.2,7.9,306,4.5,2.2,136
428,4.7,7.9,262,3.4,1.2,106
429,5.5,8,247,3.7,1.1,104
430,5.4,8.1,244,3.6,1,117
431,4.9,7.9,272,3.4,0.6,155
432,5.8,8.3,506,8.5,2.6,34
433,5.1,8.3,534,9.5,3.2,50
434,4.9,8.4,966,12.8,11.7,247
435,5.2,8.3,432,9.8,2.3,186
436,4.7,8.2,432,11.2,2.3,246
437,7,8,736,1.5,4.9,1250
438,7.1,7.9,447,1.5,1,1040
439,6.8,7.4,237,4.5,0.2,1460
440,6.6,7.7,371,1.2,0.6,1080
441,6.9,8,1004,3.3,2.1,1390
442,7.1,7.9,1017,4,1.5,1350
443,7.2,7.9,286,2.4,0.1,157
444,7,8,415,2.9,0.3,191
445,7.2,7.9,613,1.9,0.2,1542
446,6.5,7.9,536,6,0.4,386
447,6.5,7.9,398,4,0.2,288
448,6.7,8,383,3.6,0.2,279
449,7.2,8.1,448,1.9,0.2,1425
450,7.2,7.9,313,2.7,0.1,152
451,7.2,7.9,290,2.9,0.1,133
452,7.1,8.1,956,2.2,2.5,544
453,6.9,8.2,999,3,3.1,620
454,6,7.8,166,3.5,0.2,734
455,6.4,8,219,3.3,0.3,291
456,5.5,13.7,223,1,0.1,2946
457,5.8,7.7,245,4.2,0.2,1542
458,6,7.8,226,3.3,0.2,302
459,6.5,8,154,2,0.2,130
460,5.5,7.4,185,1,0.1,2064
464,5.4,8.2,1062,2.1,2.6,67
465,6.9,8,838,0.9,0.6,1450
466,6.6,8.3,905,0.7,0.5,1400
467,6.9,8.3,596,2.6,0.3,1425
468,6.8,8.4,575,2.6,0.4,1483
469,4.8,7.9,1868,5.6,10.3,181
470,6.8,7.8,648,3.6,5,554
471,7,8.1,734,1.3,0.9,1460
472,7.3,7.2,46,1.2,1.23,413
473,7.1,6.7,48,1.4,0.26,12640
474,7.4,6.9,80,0.8,0,329
475,4.1,6.7,141,2,1,7894
476,2.7,6.4,137,2.2,0.77,4719
477,5.9,6.6,110,2.7,1,12638
478,1.3,6.6,350,2.9,0,32714
479,4.9,6.5,148,2.8,1.05,4218
481,6.5,8.6,649,21.8,4,2487
482,7.03,8.1,320,29.5,3.23,12400
483,7.8,8,2225,5.5,2,2448
484,6.4,8,23125,4.8,2,178
489,6.8,8,1870,13,1,29
490,7.1,7.5,2100,21,1,95
499,5.9,7.8,1453,7.3,6.45,7
500,2.4,8,351,6.6,6.22,959
501,8.3,8.3,270,2.1,3,87
502,9.1,8,461,5.5,1.06,363
503,5.8,7.7,872,1.9,12,170
504,7.6,7.5,408,2,1.92,55
505,6.8,7.5,428,2.1,2,82
506,7.5,7.4,59,3.1,5,364
507,7.6,7.9,680,6.4,17,382
508,8.2,8.3,263,2.3,3,97
509,8.2,8.2,277,2.2,2,88
510,7.1,8.1,273,2.2,4,94
511,7.3,7.9,301,1.8,6.66,93
512,4.4,7.7,464,4.4,12,260
513,7.3,7.9,502,7.6,2,121
514,7.4,7.7,495,5,3,200
515,6.9,7.5,448,4.3,2,49
519,5.3,8.2,572,1.5,1,65
520,4.6,8.4,1463,3.2,1,557
521,4.7,8.2,321,1.5,1,242
522,5,8.4,583,1.2,1,12
523,8.4,8.3,300,1,2,21
524,5.7,8,295,1.1,1,9
525,4.5,7.9,483,1.5,1,15
526,5,8,314,1.9,2,7
527,5.1,7.9,266,0.9,1.08,7
528,5,8.6,604,1.2,2.29,11
529,4.9,8.6,593,1.1,1,7
530,4.4,8.1,538,1.2,1,14
531,5.6,8.4,591,1.1,3,8
532,5.8,8.5,588,1.2,3,6
533,4.1,7.9,1133,2.3,2,67
534,3.5,8.9,2004,6.5,1,248
600,6.7,7.5,85,1.4,1,420
601,5.8,7.4,77,1.4,0.8,691
602,6.6,7.5,75,1.4,0.7,448
603,6.7,7.5,82,1.4,1,443
604,6.7,6.9,56,0.9,0.2,172
605,6.5,6.7,2240,1.2,0.2,304
606,6.3,6.9,73,1.6,0,2008
607,7,7.4,130,0.7,0.1,590
608,6.6,7.7,191,1.6,0.2,661
609,6.9,6.9,134,1.1,0.4,531
610,7,7.5,80,0.8,0.4,3583
611,6.7,7.4,14526,0.8,0.6,1969
612,7.2,7.4,82,0.7,0.5,1311
613,7.5,7.2,67,1.1,0.1,590
614,3,6.6,965,1.7,1.2,530
615,5.9,7.4,17990,0.7,0.5,2803
616,6.7,7.5,90,1.6,0.9,473
617,6.1,7.4,4429,2,1.6,550
618,6.7,6.9,87,1.7,0.2,350
619,6.9,6.8,85,1.6,0.2,206
620,2.1,6.8,101,1.6,0.8,694
621,2.5,6.9,83,1.9,0.3,656
622,7.2,7.6,75,1.4,1,426
623,3.7,7.7,32005,1.2,0.9,60392
624,6.1,7.6,281,1.2,0.7,718
625,6.7,7.6,106,0.5,2.5,71
626,7.6,7.1,58,1.2,0.1,961
627,1.9,7.7,2941,26.9,2.8,37375
628,7.4,7,35,0.1,0,409
629,6.4,7.2,63,1.3,0.4,535
630,5.4,6.7,65,1.1,0.3,144
631,5.6,7.3,90,1.6,0.4,705
632,7.1,8,728,1.2,0.4,697
633,5.9,6.8,13953,1.5,0.4,166
634,7.4,6.9,57,1.1,0.3,159
635,7.2,7.2,41,0.7,0.2,658
636,6.5,7.4,71,0.6,0.3,7018
637,6.8,7.1,81,0.8,0,1268
638,6.8,6.9,68,1.7,0.1,660
639,6.6,7,70,1.4,0.1,822
640,6.4,7.7,100,0.6,0.9,88
641,7.3,6.9,96,1.9,0.2,825
642,6.8,6.6,49,0.5,0.4,2950
643,5.6,7.2,24360,2.1,0.3,447
644,6.9,6.8,59,0.6,0.5,3375
645,7.1,6.8,14410,1.8,0.1,468
646,6.2,7.2,22757,1.5,0.1,542
647,6.7,7.1,66,0.6,0,626
648,7.2,7,59,0.6,0,433
649,6,7.6,120,1.3,1.1,523
650,5.2,6.8,55,0.6,0.7,313
651,4.8,6.8,86,0.7,0.8,332
652,3.9,6.9,62,0.5,0.7,284
653,5,6.9,3185,1.8,0.4,667
654,7,7,36,1.1,0.2,541
655,6.3,6.9,64,1.2,0.3,815
656,6.2,6.9,86,1.3,0.2,1007
657,5.7,6.8,2640,1.9,0.5,759
658,5.7,6.9,53,3.1,0.4,1205
659,6.6,7.1,2007,1.3,0.2,785
660,6.6,7,46,1.3,0.3,472
661,6.5,6.5,43,0.9,0.4,188
662,6.7,6.3,54,0.9,0.1,610
663,4.3,7.2,113,1.8,0.4,796
664,4.6,6.7,12561,1.5,0.6,171
665,7.7,6.9,61,1.6,0,554
666,5.8,6.5,61,1,0.4,151
667,4.5,6.9,1614,2.1,0.6,230
668,6.9,7.2,20950,1.3,0.2,643
669,6.6,7,14487,0.9,0.3,103
670,6.9,7.5,54,0.6,0,1633
671,5.5,7.6,569,1.3,0.9,141
672,5.4,7.8,310,0.8,2.4,107
673,7.1,7.8,516,0.7,0.5,1238
674,6.9,8,505,0.9,0.7,1563
675,7.3,7.3,109,2.4,3.4,65
676,7.5,7.5,83,2.1,2,74
677,6.4,7.2,102,1,0,1223
678,6.5,7.1,92,1,0,1342
679,7.7,7.9,232,1.3,0.8,40500
680,7.5,7.8,519,2.1,0.7,53556
681,7.3,7.2,103,0.7,1.7,13810
682,7.4,7.9,196,0.7,0.6,15213
683,7.4,7.8,244,1.9,1,12473
684,7.5,8,243,1.7,0.9,30319
685,7.2,8,296,1.5,0.7,4314
686,6.6,7.8,25034,1.5,0.9,4224
687,7.5,7.9,194,1,1,8559
688,7.4,7.9,170,0.8,0.9,16709
694,6.5,7.4,1063,2,0.6,374
695,6.8,6.6,63,2.9,0.1,36
696,6.6,6.4,101,2.5,0.2,41
697,6.6,6.5,136,2.5,0.2,45
698,6.7,6.9,226,2.2,0.2,38
699,6.7,6.3,72,2.7,0.2,32
700,6.7,6.4,61,4.6,0.1,34
701,6.6,7.2,1300,2.7,0.2,60
702,6.7,7,461,2.5,0.1,51
703,6.6,6.2,69,2.5,0.1,38
704,6.8,6.9,241,2.5,0.1,48
705,6.5,6.6,159,2.4,0.2,41
706,6.6,6.7,170,2.5,0.2,34
707,0.9,7.6,2039,104.5,0.9,511090873
733,7.2,7.5,119,2.3,3.8,74
734,7.2,7.5,120,2.3,4.1,67
735,7.5,7.3,82,1.8,2.8,70
736,7.5,7.5,111,2.4,3,506
737,5.3,3.3,831,7.7,3.2,36
738,7.2,7.2,56,1.7,2.6,42
739,7.5,7.2,66,1.6,2.5,44
740,7.8,7,74,2.3,4.3,108
741,6.7,2.7,1350,3.3,1.1,16
742,7.3,6.6,274,2.5,2.4,386
743,7.4,7.3,67,1.8,2.5,55
744,7.2,7.4,82,2,2.8,61
745,7.3,7.1,55,1.9,2.5,53
746,7.3,7.1,57,2,2.4,50
747,6.6,7.1,114,2.6,2.8,3108
748,7.3,5.6,56,1.8,2.1,34
749,5.1,7,105,3.6,4.7,780
750,7.3,7.1,51,1.6,2.4,40
751,7.7,7.2,50,1.6,2,36
752,7.6,7.3,115,2.1,3.7,528
753,6.2,7,81,2.4,5.1,79
754,7.2,7.1,66,1.9,3.4,63
755,7.4,7.1,57,1.5,2.9,40
756,7.5,7.4,144,1.7,3.5,59
757,7.1,7.1,63,1.9,5.6,48
758,7.3,7.2,65,1.9,3.3,48
759,7.3,7.3,65,2,3,54
760,1.5,6.9,345,33.9,16.9,34251
761,3.9,7.1,233,17,10.5,22223
762,1,7.2,376,57.2,20.3,83554
763,0.9,7.2,506,61.1,19.6,106333
764,7.2,7,66,1.9,3.7,60
765,7.7,7.2,62,1.6,3,59
766,7.3,6.9,61,2.2,2,52
767,1.2,7.1,380,45.7,15.6,94083
768,3.2,7.1,258,23.5,10.3,54083
769,7.2,7.2,124,6.9,4.5,552
770,7.2,7.1,65,2.1,2.4,120
771,7.5,7.3,64,1.9,3.3,42
772,7.6,7.3,65,1.9,3.8,43
774,7.2,7.3,275,1.5,0.1,68
777,6.2,7.8,165,2.1,0,340
778,6.4,7.8,158,4.1,0.5,500
779,6.6,7.9,210,4.2,1.9,572
781,7.3,7.9,693,0.5,1,173
782,5,7.6,1676,1.8,8,174
784,6,7.7,1863,8.6,1,1183
786,5.3,7.8,817,2.8,1,23
788,4.5,8.3,1287,1.5,11,5
790,6.8,8.2,1862,2.5,0.87,64
793,6.7,8.1,2520,7.2,1,41
796,5.6,7.5,41,2,0.08,13410
797,5.5,6.7,209,0.8,0.17,2915
798,5.5,7.1,123,1.5,0.09,6264
799,5.3,7.3,182,1.5,0.08,3080
800,6,7.6,100,1.2,0.17,6086
801,5.7,6.9,111,1,0.14,3061
802,6.4,7.1,140,1.1,0.1,7908
803,6.2,7.8,44,2,0.06,9320
804,6.1,7.6,43,1.8,0.06,9554
805,7,6.9,64,1.1,0.09,2841
806,6.6,6.5,62,1,0.14,7190
807,7,6.8,304,2,0.49,23867
808,7,7,55,1.2,0.66,2813
809,6.3,7.6,213,1.5,0.06,7069
810,6.7,6.8,83,1.2,0.17,3559
811,7.1,6.6,76,1,0.12,3527
812,6.7,6.6,107,1.3,0.22,3757
813,7.2,6.7,89,0.9,0.06,1996
814,4.2,6.7,192,2,0.16,9286
815,6.3,6.6,79,1.6,0.19,6054
816,5.6,7.7,142,1.7,0.14,3644
817,2.8,6.4,424,3.2,0.35,21036
818,5.2,7.1,306,2.6,0.34,1525
819,5.6,7.7,40,1.5,0.07,7130
820,5.5,7.7,40,1.5,0.08,12282
821,6.9,6.7,63,0.9,0.21,1132
822,6.3,7.6,227,1.7,0.08,3612
823,7.1,6.6,68,1.1,0.13,8167
824,6.9,7.7,121,3.3,1,163
825,7.2,8.2,112,3.3,1,94
826,6.9,7.7,103,3.7,0.57,103
827,6.9,7.6,104,3.5,0.75,79
828,6.4,7.4,1003,4.3,2.89,753
829,6.3,8.3,408,2.7,1.58,157
830,6.7,7.8,105,3.6,1,89
831,6.3,7.6,209,4.4,1.86,98
832,5.9,7.6,13768,5,1.79,300
833,7.3,7.7,86,3.2,1,93
834,3.6,7.4,6487,30.5,1.5,745
835,6.3,8.3,999,3.3,1.78,112
836,7.2,7.7,125,3.3,1,89
837,7.1,7.5,127,3.4,4.4,63
838,7.1,7.4,5300,38,1,667
839,7.2,7.6,127,3.2,1,51
840,7,7.6,126,3.3,1,63
841,7.2,7.6,126,3.4,1.89,64
842,7.1,7.8,112,3.2,0.63,88
843,6.8,7.7,9590,3.6,4.57,124
844,6.8,7.4,174,3.7,2.26,124
845,6.8,7.6,2572,3.3,4.22,118
846,6.7,7.8,6030,4.4,4.78,138
847,6.8,7.7,7207,3.9,4.25,120
848,6.8,8.1,167,3.8,1,85
849,6.8,8,173,3.5,1,98
850,7,8,168,3.6,1,83
851,6.9,7.9,131,3.5,0.75,96
852,7,7.6,125,3.5,0.6,63
853,7.2,7.5,132,3.3,0.9,88
854,7.2,7.7,119,3.3,1,68
855,6.9,7.5,159,2.8,1,82
856,6.7,7.7,141,3.3,3,90
857,7.3,7.7,132,2.9,2,88
858,6.4,7.3,76,1.7,0.62,788
859,6,7.1,85,1.7,0.53,538
860,6.3,7.1,69,1.3,0.57,593
861,6.5,7.3,76,1.6,0.55,545
862,6.7,6.6,60,1.2,0.34,435
863,7,6.6,3544,1.5,0.37,435
864,6.7,7.3,51,0.8,0.35,1567
865,6.9,7.7,107,0.7,0.46,443
866,6.7,7.9,173,0.9,0.56,426
867,5.6,6.9,126,1.2,0.67,990
868,7.3,7.4,70,0.8,0.31,4208
869,6.9,7.4,12754,0.8,0.29,2557
870,7.1,7.4,80,0.6,0.5,2831
871,7.2,6.9,62,1.3,0.11,150
872,3.4,6.7,2965,2.3,1.11,1236
873,6.1,7.2,15871,0.9,0.25,2975
874,6.4,7.2,120,1.9,0.77,618
875,6.2,7.2,7448,2,1.01,483
876,6.6,6.9,77,1.6,0.29,756
877,6.8,7,72,1.7,0.2,785
878,2.9,6.7,305,2.2,1.28,1623
879,3,6.6,86,2,0.39,1319
880,6.7,7.1,79,1.6,0.34,738
881,3.6,7.3,32790,2.6,0.59,112867
882,6.1,7.8,2905,1.3,0.54,997
883,6.9,7.4,112,0.5,0.35,67
884,7,6.9,51,1.1,0.18,317
885,3.1,7.2,1416,13.2,4.41,19917
886,7,7.1,30,0.5,0.32,496
887,6.1,7,59,1.8,0.58,282
888,6,6.4,61,2.1,0.28,300
889,6.3,7,105,2.8,0.37,543
890,6.9,8.1,502,0.9,0.72,615
891,5.9,6.7,14662,1.5,0.52,377
892,7.8,6.8,49,1.4,0.3,319
893,7.1,7.4,380,1,0.14,66382
894,7.3,7.2,67,0.9,0.38,3471
895,6.2,7.2,51,0.8,0.23,942
896,7.2,6.8,69,1.2,0.45,941
897,6.9,6.7,75,2.5,0.4,701
898,6.3,7.4,113,0.6,0.88,128
899,7.6,6.8,79,1.6,0.31,109
900,7,7.2,57,0.6,0.46,3558
901,5.9,7,22576,1.5,0.35,253
902,6.8,7.2,105,0.6,0.39,2392
903,6.3,6.7,2315,1.3,0.17,278
904,6.4,6.9,18569,1,0.27,277
905,6.6,7.3,45,0.6,0.39,940
906,6.9,7.2,42,0.5,0.18,774
907,6,7.3,92,1.7,0.56,597
908,6.1,7.2,59,0.7,1.04,311
909,4.5,6.9,1190,0.7,1.17,388
910,4.2,7,69,0.6,1.04,420
911,6,7,5569,2.2,0.68,1894
912,7.3,7,34,1,0.27,927
913,6.3,7,44,1.6,0.32,1876
914,6.4,7.2,49,1.4,0.23,1357
915,5.9,7,3272,2.2,0.62,1284
916,4.6,7,65,1.7,0.28,1937
917,6.5,6.9,4650,2,1,1573
918,6.5,7,42,1.4,1,1221
919,6.4,6.4,45,1.2,1,376
920,6,6.1,56,1.2,0,438
921,5.3,6.8,99,2.8,0.79,523
922,3.6,6.5,22131,1.8,0.95,261
923,6.9,6.7,66,1.8,0,205
924,6,6.6,67,1.5,3.69,398
925,4.9,6.8,9107,1.6,1,614
926,6.3,7,18931,1.4,1,201
927,6.6,6.8,15525,1.1,0.06,347
928,7.1,7.5,46,0.8,1,1097
929,6,7.3,432,1.2,3,78
930,6.1,7.7,328,1.2,1,211
931,5.8,7.8,707,0.6,0.85,1100
932,6.1,8,674,0.9,1,1260
933,7.3,7.3,164,2.3,1,336
934,7.6,7.4,122,2.4,1,834
935,6.5,7.1,95,1,0,212
936,6.5,7.1,56,1,0,79
937,7.5,7.8,237,1.4,0.89,18918
938,7.6,7.6,3688,2.3,2.66,32918
939,7.3,7.5,82,1.2,1.58,17512
940,7.5,8,202,1.4,1.89,23191
941,7.3,7.9,232,2.9,2.23,30836
942,7.4,7.9,246,2.3,1.9,3900
943,6.9,8.1,3960,2,2.26,22523
944,7,8,28222,1.8,2.54,10469
945,7.2,7.8,201,1.3,1.59,31034
946,7.3,8,221,1.2,2.26,5289
952,6.7,7.5,1088,1.7,0,474
953,7.2,6.5,73,3.1,0,59
954,6.7,6.3,98,3.3,1.5,74
955,6.3,6.5,143,4,4,124
956,6.6,6.9,260,5.4,1,53
957,7.1,6.3,71,3.5,1,82
958,6.9,6.3,65,3.5,0,52
959,7.3,7.1,607,3.6,0.88,104
960,6.1,7,446,5.2,0.56,77
961,6.9,6.4,94,3.2,1.59,65
962,6.8,6.8,451,9.4,0.55,58
963,6,6.6,169,3.9,2,84
964,6.5,6.7,187,3.3,3,113
965,3.4,7.8,2577,164.9,1.5,160405392
966,5.5,7.2,636,9.7,4,4975
967,4.7,7.3,1088,23.8,4,56000
968,5.3,7.2,689,11.3,4,6025
969,4.9,7.3,1267,23.5,3,54250
970,5.3,7.4,852,13,4,26750
971,4.9,7.5,977,16.5,5,30500
972,4.4,7.4,1256,24.8,6,55250
973,4.8,7.2,1021,20.3,4,43700
974,5.1,7.3,971,14.8,5,8425
975,4.6,7.4,1284,24.3,4,50000
976,4,7.4,1096,26,3,57500
977,4.4,7.3,1002,21.5,4,43750
982,4.8,7.6,295,0.8,0,9
983,7.1,7.5,293,1.3,0,19
984,7.1,7.5,316,1.4,0,22
985,6.6,7.5,274,1.6,0,24
986,4.9,7.4,407,16.3,0,120
987,4.9,8.3,603,1,0,5
988,5.5,7.4,138,0.8,0,6
989,5.5,8.1,625,1.1,0,6
990,5,7.3,305,1.7,0,12
991,5.6,8.1,552,1.1,0,6
992,7.3,7.3,402,2.1,0,32
993,7.2,7.3,99,2.2,1,57
994,7.2,7.4,102,2.2,1,56
995,7.6,7.2,72,1.8,2.56,57
996,7.1,7.5,131,2.2,3.2,413
997,5.2,2.9,682,7.8,1.5,30
998,7.3,7.1,47,1.3,2,48
999,7.6,7.2,52,1.2,2,36
1000,8,6.9,64,1.8,3.38,49
1001,7.9,7.3,46,1.4,1,29
1002,7.4,7.2,53,1.9,3,32
1003,7.7,7.2,55,1.6,3,63
1004,6.8,2.7,1074,3.2,2.33,11
1005,7.1,6.5,237,3.8,4.56,1072
1006,7.8,7.2,50,1.6,1.77,41
1007,7.3,7.3,71,2,2.66,47
1008,7.3,7,91,1.8,3.3,45
1009,7.4,7.1,49,1.7,2.44,42
1010,6.5,7.1,99,2.7,3.56,2722
1011,7.5,5.7,50,1.5,2.21,23
1012,5.8,6.9,68,3.1,4.9,463
1013,6.9,7.2,44,1.4,2.66,33
1014,7.8,7.3,93,1.9,2.99,444
1015,6.6,7,66,2.3,4,63
1016,7.6,7.1,53,1.7,3,53
1017,7.8,7,47,1.4,2,35
1018,7.7,7.4,128,1.6,3.32,56
1019,7.1,7,54,1.8,2.58,43
1020,7.4,7,69,1.6,3.3,87
1021,7.5,7.2,58,1.6,2.25,46
1022,3.1,7.2,401,21.8,19,31444
1023,4.7,7.2,202,13.6,15,20056
1024,2.1,7.2,303,37.2,18.2,62333
1025,1.8,7.2,394,40.6,15.4,96944
1026,7.2,6.9,55,1.7,3.04,56
1027,7.9,7.1,55,1.2,3.55,50
1028,6.9,6.9,52,2.2,3.48,45
1029,1.9,7,306,34.2,17.9,85667
1030,4.5,7.1,196,15.5,11,43333
1031,7.2,7.1,107,6.7,5.56,476
1032,7.5,7,82,2.1,3.02,122
1037,6.6,7.7,165,1.7,0,325
1038,6.7,7.8,167,4.8,1,520
1039,6.6,7.7,183,3.7,1.55,575
1041,7.2,7.4,319,0.7,0.18,10
1042,6.2,8.4,894,9,0.38,350
1043,2.2,8,1835,17.9,0.86,25478
1044,2,7.7,3165,32.3,3.44,15173
1045,2.4,7.6,1500,6.2,1.31,13
1047,6.1,6.8,408,1.3,0.17,3808
1048,5.5,6.9,143,1.3,0.09,11113
1049,5.4,7.2,60,1.5,0.08,2309
1050,5.8,7.2,34,5.3,0.17,3322
1051,5.9,6.7,125,1.5,0.14,5793
1052,6.4,6.7,175,1.3,0.1,3636
1053,6.2,7.7,39,1.3,0.06,4517
1054,6.1,7.8,39,1.5,0.06,5840
1055,7.3,6.9,61,0.7,0.09,4388
1056,6.8,6.6,71,1.5,0.14,3949
1057,7.4,6.5,129,2.3,0.49,16691
1058,7,6.8,503,1.6,0.66,2404
1059,6.3,7.5,31,1.6,0.06,4267
1060,7.1,6.8,70,0.8,0.17,3567
1061,7.3,6.8,69,1.2,0.12,2446
1062,6.7,6.6,118,1,0.22,3496
1063,7.4,6.8,80,1.3,0.06,1404
1064,4.5,6.6,250,2.4,0.16,5889
1065,6.1,6.9,74,1.8,0.19,3937
1066,5.9,7.3,44,1.6,0.14,2794
1067,2.4,6.5,195,4.8,0.35,14217
1068,4,6.8,207,1.8,0.34,2280
1069,5.4,7.6,40,1.6,0.07,1330
1070,5.3,7.6,41,1.4,0.08,2517
1071,7,6.9,54,0.8,0.21,3059
1072,5.9,7.7,44,2.1,0.08,831
1073,7.1,6.5,60,1.7,0.13,8163
1074,6.9,7.7,99,3.3,0.56,123
1075,6.6,7.9,123,3.2,0.52,104
1076,6.6,7.7,220,3.6,0.65,77
1077,6.8,7.7,219,3.4,0.63,75
1078,4.8,7.2,5429,8.4,2.08,408
1079,6.4,8,493,4.2,3.91,68
1080,6.8,7.6,100,3,0.54,295
1081,6.7,7.5,316,4.6,0.6,132
1082,5.8,7.9,37227,9.5,1.42,451
1083,6.9,7.7,84,3.1,0.42,168
1084,4.9,7.6,21254,55.5,2.18,964
1085,6.9,7.9,312,2.7,1.58,107
1086,6.8,7.5,146,3,0.6,241
1087,6.7,7.3,127,2.9,0.59,209
1088,5.6,6.9,432,4.5,1.72,173
1089,6.5,7.3,126,3,0.59,284
1090,7.1,7.5,128,3,0.6,297
1091,6.4,7.3,129,3.1,0.6,191
1092,6.9,7.7,129,2.9,0.55,268
1093,7,7.9,153,2.9,0.55,86
1094,6.4,7.6,10165,3.7,2.14,139
1095,6.9,7.7,307,2.8,3.6,123
1096,6.3,7.7,322,3.5,1.1,116
1097,6.5,7.5,5835,3.4,1.72,126
1098,6.3,7.4,9245,4.7,2,134
1099,6.5,8.1,1907,4,0.55,115
1100,7,8,1896,3.5,0.64,245
1101,7,8,206,2.9,0.56,74
1102,6.8,7.8,239,3.3,0.56,77
1103,6.4,7.6,152,3.2,0.96,142
1104,6.7,7.7,146,3,0.89,73
1105,6.7,7.6,137,2.9,0.76,64
1106,6.6,7.8,228,3.5,0.57,79
1107,7,7.7,409,2.4,0.93,112
1108,6.8,7.6,263,2.9,0.81,123
1109,6.9,7.5,338,2.3,3.93,108
1110,7,7.2,79,0.8,0.62,637
1111,6.6,7,67,1.1,0.53,670
1112,6.6,7.3,59,0.7,0.57,541
1113,6.2,7.3,66,0.8,0.55,609
1114,7.1,7,67,1,0.34,538
1115,7,6.7,5341,1.1,0.37,528
1116,6.7,7.3,89,1.1,0.35,2025
1117,6.2,7.3,136,1,0.46,676
1118,7.1,8.1,212,0.9,0.56,992
1119,6.3,6.3,134,1.2,0.67,780
1120,7.3,7.2,76,0.6,0.31,893
1121,7,7.3,11041,0.9,0.29,503
1122,6.8,7.1,75,0.8,0.5,1169
1123,7.4,7.2,61,0.7,0.11,255
1124,1.7,6.6,769,3.4,1.11,1717
1125,6.1,7.5,14083,1.4,0.25,2686
1126,6.6,7.2,92,0.8,0.77,660
1127,6.6,7.2,1348,0.8,1.01,810
1128,6,6.7,95,1.2,0.29,680
1129,6.6,6.8,78,1,0.2,626
1130,0.6,6.7,268,4.1,1.28,1308
1131,1.8,6.6,82,2,0.39,1410
1132,7.1,7.2,61,1,0.34,608
1133,3.9,7.6,30298,2.5,0.59,7240
1134,6.6,8,310,1.1,0.54,783
1135,7,7.1,97,0.8,0.35,77
1136,7.3,7,51,0.7,0.18,258
1137,0.5,7.1,1717,21.2,4.41,15833
1138,7,7.4,55,0.9,0.32,1400
1139,6.1,6.8,67,1.1,0.58,394
1140,7,6.7,61,1.3,0.28,248
1141,5.2,6.9,81,1.5,0.37,465
1142,6.1,8,510,1.1,0.72,1572
1143,6.5,6.9,12150,1.8,0.52,1481
1144,7.9,7.2,50,1.1,0.3,845
1145,7.5,6.9,34,0.9,0.14,256
1146,7,7.4,72,1,0.38,897
1147,7.3,7.3,99,0.9,0.23,1788
1148,7.5,6.9,125,1.6,0.45,1400
1149,6.8,6.9,116,1.7,0.4,1260
1150,5.8,7.3,107,0.9,0.88,343
1151,7.1,7.2,85,0.8,0.31,184
1152,6.8,7.1,58,0.7,0.46,3460
1153,5.7,7.3,13197,1.5,0.35,144
1154,6.7,7.1,58,1.2,0.39,1739
1155,7,6.9,3453,0.9,0.17,278
1156,6.5,7,14369,1.3,0.27,175
1157,6.6,7.3,70,1.4,0.39,1875
1158,7,7.3,60,0.8,0.18,1813
1159,6.3,7.2,97,0.8,0.56,880
1160,6,7,63,1.1,1.04,493
1161,4.4,7.1,113,1.5,1.17,722
1162,4.5,7.2,79,1,1.04,537
1163,5.1,6.9,1789,2.1,0.68,1946
1164,7.5,7.2,36,1.1,0.27,1134
1165,6.8,7,59,1.3,0.32,2267
1166,6.8,6.9,114,1.4,0.23,1785
1167,5.9,6.8,1108,2.2,0.62,1520
1168,4.9,6.7,88,2.2,0.28,2200
1169,6.8,6.9,1686,1.4,0.25,1223
1170,7.1,6.9,45,1.2,0.29,1636
1171,6.9,6.6,56,1.1,0.3,542
1172,6.5,6.3,49,1,0.22,323
1173,4.9,6.6,169,2.1,0.76,1241
1174,4.2,6.5,19575,1.4,0.39,528
1175,6.9,7.1,63,0.9,0.16,336
1176,6.6,6.7,69,0.8,0.38,464
1177,4.5,6.6,6381,2.1,0.34,435
1178,6.2,7.2,9326,1.3,0.22,141
1179,6.6,7.1,15158,1.1,0.26,810
1180,6.3,7.3,74,1.2,0.29,1813
1181,6,7.6,429,1.1,1.1,362
1182,6,7.8,308,1.1,1.47,343
1183,5.8,7.4,505,0.6,0.73,1517
1184,6.1,7.5,465,0.5,0.34,1458
1185,6.4,7.1,183,2.3,0.62,398
1186,7.1,7.4,135,1.9,0.72,995
1189,7.8,7.9,213,1.5,0.35,15083
1190,7.7,8.1,312,2,0.75,32017
1191,6.9,7.6,99,1.6,1.39,5395
1192,7.3,8,230,1.6,0.69,4348
1193,6.8,8.1,264,2.6,1.16,5142
1194,7.2,8.1,272,3.1,1.46,4586
1195,8,8.3,312,1.4,0.73,4319
1196,8.2,8,19595,2,0.94,1116
1197,7,8,199,1.8,1.11,3573
1198,7.2,8.1,201,1.6,0.36,2324
1204,6.8,7.5,890,2.1,0.51,589
1205,7.3,7.6,160,1.9,0.06,89
1206,7,7.7,111,2.2,0.08,131
1207,6.7,7.7,139,3.1,0.22,300
1208,7.2,7.2,288,2.1,0.14,91
1209,7,7.1,95,1.9,0.08,118
1210,7,7.5,84,1.7,0.06,87
1211,7.4,7,3101,15.6,0.15,174
1212,7.2,7.3,510,2.9,0.08,123
1213,7.1,7.4,88,1.8,0.07,90
1214,7.2,6.9,338,3.8,0.07,104
1215,6.7,7.6,162,3.3,0.16,249
1216,6.7,7.6,182,4.1,0.15,251
1217,0.2,7.2,2219,185.8,1.75,300000000
1219,5.5,7.4,635,8.8,5.08,5500
1220,5.5,7.4,1051,25,6.8,63000
1221,5.3,7.3,636,9.9,5,10000
1222,5.1,7.4,993,21.9,6.63,57750
1223,5.3,7.5,632,13.5,5.08,34750
1224,4.9,7.4,973,17.5,4.77,40667
1225,4.3,7.5,1156,24.5,7.65,65000
1226,4.8,7.4,904,26,8.6,55000
1227,5.1,7.4,1110,16,14.85,12000
1228,5.3,7.4,1290,26.9,8.1,66250
1229,4.9,7.4,990,27.8,6.78,40500
1230,5.2,7.4,914,20.5,6.18,29500
1234,4.8,7.5,280,2.4,0.72,4
1235,7.7,7.4,344,1.2,0.37,19
1236,7.3,7,310,1.4,0.38,22
1237,7.1,7.7,303,1.5,0.34,23
1239,6.2,7.5,788,41.5,4.08,235
1240,6,8.3,468,1.4,0.43,16
1241,5.9,7.3,234,1.5,0.36,12
1242,6.4,8,527,1.2,0.35,21
1243,5.9,7.9,796,1.5,0.48,14
1285,7.7,7.2,95,1.8,2.67,50
1286,7.6,7.2,92,2.5,2.41,45
1287,9.9,7.2,65,1.5,2.31,55
1288,7.6,7.4,93,2.1,2.89,408
1289,5.5,2.9,568,6.8,1.12,33
1290,7.6,7,42,1.3,3.01,27
1291,7.7,7.1,45,1.4,2.89,22
1292,8.3,7,59,1.7,2.86,33
1293,6.9,2.6,1072,3.2,1.17,21
1294,7.7,6.3,250,2.1,3.88,326
1295,8.8,7.3,37,1.5,1.62,35
1296,7.3,7.3,72,2,1.65,36
1297,7.5,7,38,1.7,2.2,40
1298,7.8,7.1,44,1.6,2.62,33
1299,7,7,100,2.4,3.03,2600
1300,7.5,6.3,52,1.7,0.82,21
1301,6.4,6.9,61,2.6,3.88,538
1302,7.5,7.1,39,1.4,2.88,22
1303,8,7.1,41,1.4,3.35,25
1304,7.9,7.3,93,1.7,5.02,418
1305,7.5,6.9,69,1.9,4.92,49
1306,7.9,7.2,46,1.7,2.72,45
1307,8,7.2,42,1.4,2.47,31
1308,7.7,7.1,101,1.5,3.42,43
1309,7.2,7.1,49,1.6,2.86,40
1310,8.2,7.1,49,1.2,2.81,32
1311,7.8,7.1,58,1.5,2.97,43
1312,3.9,7.1,235,16.9,16.61,23000
1313,4.9,7.1,182,14.2,11.61,15500
1314,2.7,7.1,281,35.4,14.84,62667
1315,2.5,7.1,382,37.2,11.81,87167
1316,8,7,48,1.4,3.8,41
1317,8.4,7.1,48,1.2,3.08,45
1318,6.8,6.6,49,1.9,3.07,38
1319,2.1,7,286,45.6,10.61,84500
1320,4,7.1,194,22.4,10.47,45250
1321,7.7,7.2,107,6.6,3.02,425
1322,7.6,7.1,51,2,2.6,81
1323,7.7,7.1,46,1.6,3.93,22
1324,7.7,7.1,49,1.9,3.89,26
1325,6.5,7.4,297,1,0.13,438
1326,6.3,7.5,287,0.9,0.14,204
1327,6.5,7.2,375,1.1,0.17,625
1328,6.9,6.9,349,1.1,0.18,503
1330,6.4,8,155,3.9,0.5,516
1331,6.5,8,168,4.2,0.99,616
1334,4.6,8,23576,158.8,6.88,46
1341,7.1,7.3,212,1.4,0.84,6
1342,5,8.3,12771,4.1,1.48,30
1343,6.7,8,304,1.5,0.18,3550
1344,5.8,7.7,1315,2.5,0.22,6800
1345,5.9,7.6,36593,3.9,0.07,3200
1346,7.6,7.7,1291,10,0.34,77
1347,6,7.7,18865,3.6,3.12,2450
1348,4.3,8.4,605,6.5,1.68,15
1349,3.7,8.2,600,4.3,1.66,20
1350,4.6,7.2,729,4,0.33,2300
1352,6.8,6.5,43,1.1,0.42,178
1353,6.6,7,59,1.1,0.27,113
1354,6,6.2,106,1.5,0.28,166
1355,5.9,6.6,516,1.1,0.18,169
1356,7.3,6.1,87,0.9,0.33,169
1357,7.3,5.9,74,1.5,0.22,163
1358,6.7,6.3,127,2,0.44,149
1359,6.8,6.2,226,1.6,0.18,151
1360,7.1,5.9,93,1.8,0.28,131
1361,7.4,6.2,76,1.3,0.41,133
1362,7.3,6.2,113,1.2,0.33,137
1363,7.3,5.9,100,1.3,0.27,173
1364,6,5.9,273,1.8,0.31,171
1365,6.1,6.5,201,2,0.43,149
1366,6.2,6.3,245,1.8,0.31,135
1367,7,6.5,75,0.9,0.22,166
1368,7.3,6,74,1.6,0.11,181
1369,7.1,7.9,108,3.3,0.42,137
1371,7,8,129,3.5,0.49,105
1372,7,8,130,3.3,0.46,93
1373,5.7,7.4,2323,6.3,1.47,541
1374,5.9,7.6,462,4.9,2.47,63
1375,7,7.7,107,3.8,0.4,285
1376,6.2,7.4,299,5.1,0.95,401
1377,5.9,7.8,33259,6.8,1.61,228
1378,7.2,7.9,77,3.2,0.42,282
1379,3.2,7.4,28018,46,1.67,1164
1380,6.8,7.8,350,2.6,1.99,72
1381,6.9,7.5,133,3.2,0.55,409
1382,6.9,7.5,143,3.4,0.54,307
1383,6.1,6.9,609,4.2,3.1,135
1384,6.8,7.4,129,3.2,0.86,133
1385,6.7,7.4,130,3.2,0.75,124
1386,6.6,7.4,130,5,0.74,158
1387,6.7,7.5,120,3.6,0.73,226
1388,7.1,7.9,139,3.2,0.45,147
1389,6,7.4,13925,59.1,3.08,116
1390,6.7,7.7,274,2.3,2.04,88
1391,6.3,7.9,326,2.5,2.32,71
1392,6.3,7.9,7392,2.4,6.41,71
1393,6.3,7.7,12051,4.4,5.37,102
1394,7,8.3,162,3.8,0.48,90
1395,7,8.3,212,3.6,0.44,90
1396,7.1,8.3,227,3.2,0.48,124
1397,6.8,8.2,314,4.3,0.45,69
1398,6.8,7.8,151,3.4,0.5,740
1399,7,7.8,123,3.4,0.44,100
1400,6.9,7.8,139,3.3,0.76,169
1401,6.8,8.2,313,4,0.49,99
1402,6.7,7.8,215,2.5,0.83,51
1403,6.7,7.8,204,2.5,0.77,68
1404,6.9,7.7,205,2.2,0.93,55
1405,7.1,6.9,72,0.5,0.25,641
1406,6.6,6.9,70,0.9,0.49,495
1407,6.9,7.1,52,0.8,0.18,520
1408,7.2,7,830,0.8,0.16,654
1409,6.3,6.9,95,1.3,0.99,1325
1410,7.2,7.4,164,0.9,0.46,2225
1411,6.9,7.5,231,0.8,0.55,1725
1412,6.5,6.9,101,1.3,0.47,1127
1413,7.1,7.1,64,0.6,0.4,646
1414,7.1,7.1,4600,0.6,0.35,538
1415,7.5,7.2,52,0.6,0.15,900
1416,2,6.8,265,2.4,2.3,5425
1417,5.6,7,12769,1.2,0.41,1650
1418,7.1,7,90,0.6,0.64,625
1419,6.1,7,248,0.8,0.66,1150
1420,6,7,94,1.1,0.13,370
1421,6.5,7.5,76,0.8,0.08,585
1422,1.5,6.6,192,3.6,0.92,2978
1423,2,6.8,79,2.4,0.2,1275
1424,7.2,7.1,52,0.6,0.15,687
1425,4,7.5,25964,1.1,0.76,1588
1426,7.2,7.3,54,0.9,0.25,610
1427,0.8,7.1,1239,11.9,1.87,11000
1428,6.4,6.5,58,1.3,0.34,960
1429,6.3,6.8,77,1.2,0.16,208
1430,5.4,6.6,80,1.6,0.27,775
1431,5.8,7.8,666,1,0.24,1650
1432,6.6,7.2,12768,1.1,0.13,1412
1433,7.7,7.2,44,1,0.28,148
1434,7.1,7,27,0.4,0.11,218
1435,7.3,7.2,59,0.6,0.19,465
1436,7.8,7.1,119,0.7,0.87,1725
1437,7.3,7.1,54,1.3,0.41,913
1438,7,6.6,104,1.5,0.49,1000
1439,6,7.2,92,0.7,0.38,1390
1440,6.8,6.6,48,0.5,0.44,2025
1441,5.6,7.1,20455,0.6,0.58,675
1442,7,7,56,1.1,0.43,1725
1443,6.7,6.9,2531,0.5,0.22,465
1444,6.2,7.2,15362,0.8,0.39,1303
1445,7.3,7.2,62,0.8,0.95,985
1446,7.6,7.2,59,0.6,0.65,1163
1447,6.4,6.8,83,0.5,0.42,575
1448,7,6.6,50,0.6,0.75,578
1449,6.7,6.8,76,1.2,1.21,625
1450,6.7,6.6,64,0.9,1.35,838
1451,5.6,6.9,943,1.5,0.4,1925
1452,7.4,7,38,0.9,0.26,1196
1453,6.7,6.9,43,1,0.3,2750
1454,7.1,7.3,48,1.5,0.36,1775
1455,6.2,6.8,309,1.6,0.39,2725
1456,5.2,6.8,61,1.8,0.33,2650
1457,6.8,6.9,995,1.1,0.24,1258
1458,6.8,6.9,52,0.9,0.45,198
1459,6.2,6.6,44,0.7,0.21,1630
1460,4.5,6.5,77,1.1,0.34,2675
1461,4,7,19279,0.9,0.03,233
1462,7,7.4,69,1,0.12,660
1463,6.5,6.8,58,0.5,0.24,1026
1464,4.6,6.9,98,0.6,0.11,348
1465,6.6,7.3,12327,0.6,0.71,2210
1466,7.1,7,51,1,0.78,1700
1467,6.2,7.5,371,1.1,1.62,528
1468,6.2,7.7,316,1.3,2.41,312
1469,7.3,7.1,241,2.9,1.17,185
1470,7.7,7.4,121,1.4,0.64,1255
1471,6.5,7.3,64,1,2.6,420
1472,6.9,7.4,57,1,1.28,409
1473,7.5,8,211,1.9,0.39,6858
1474,7.2,8,263,3.7,0.63,14725
1475,7,7.6,111,1.6,0.67,2743
1476,7.5,7.9,205,1.5,1,3542
1477,7.1,7.7,283,2.3,1.73,6692
1478,7.4,8,263,1.7,0.65,6617
1479,8.1,8,300,2.3,0.45,4569
1480,7.8,8,13103,2.1,0.59,739
1481,7.4,8,207,1.5,0.53,2872
1482,7.2,8,198,1.4,0.57,1850
1488,6.3,7.6,830,1.8,0.24,2020
1491,5.8,7.2,732,8.5,3.83,4838
1492,5.6,7.4,1322,15.3,15,41500
1493,5.4,7.3,809,10,4.2,8975
1494,5.7,7.3,1103,14.3,13.75,52500
1495,5.7,7.5,906,24,14.18,17625
1496,3.5,7.4,1064,20,13.2,14500
1497,3.2,7.6,1197,27.3,19.2,40250
1498,4.7,7.3,1383,32.8,16.4,42875
1499,4.8,7.4,1063,16,5.03,8025
1500,5.3,7.5,1532,18.3,15.8,63500
1501,5.6,7.5,1269,34.5,12.15,60000
1502,5.4,7.4,1194,22,8.3,35000
1506,4.8,7.9,650,3.2,0.68,62
1507,5,7.3,390,2.8,0.14,20
1508,8.3,7.6,334,1,0.49,16
1509,8.2,7.7,316,1.2,0.48,20
1511,8.3,7.6,304,1.2,0.51,20
1512,5.5,7.6,743,7.6,1.02,166
1513,5.1,7.8,657,1.7,0.26,23
1551,7.8,7.2,139,1.9,0.56,359
1552,6.5,3.1,489,6.1,0.52,47
1553,7.3,7,162,2.2,0.69,2633
1554,7.8,7.1,136,1.9,0.52,409
1555,7.7,7.1,205,7,0.84,461
1556,8.1,7.1,267,1,0.11,12
1557,8,7,278,1.1,0.11,18
1558,6.9,7.2,268,1.1,0.11,37
1559,6.8,7.1,286,1.3,0.11,29
1561,6.3,8,164,3.4,0.3,528
1562,6.6,7.9,196,4.4,0.8,648
1563,5.6,7.5,15608,25,18.73,5
1571,5.1,8.1,533,3.7,0.45,7500
1572,7.1,8,555,2,0.35,15000
1573,6.8,8.2,26600,3.1,0.62,23000
1574,8.1,7.6,938,8.6,0.4,108
1575,6.2,7.8,7778,2.7,0.26,6581
1577,3.2,7.7,885,6.3,0.51,9575
1743,8.23,7.38,143,1.55,3.55,360
1749,6.2,7.7,176,3.5,0.2,592
1750,6.3,8,198,4.2,0.3,686
