station_code;region;tempurature;dis_oxy;ph;conduct;bod;nit;coli;total_coli;potable
1;MAHARASHTRA;29.2;6.4;8.1;735;3.4;2;3;73;0
2;MAHARASHTRA;24.5;6;8;270;3.1;2;72;182;0
3;MAHARASHTRA;25.8;5.5;7.8;355;4.2;9;59;133;0
4;MAHARASHTRA;24.8;5.5;7.8;371;5.6;3.55;90;283;0
5;MAHARASHTRA;25.7;5.7;7.9;294;3.2;2.69;45;132;0
6;MAHARASHTRA;25;4.5;7.5;513;12.6;2.3;131;320;0
7;MAHARASHTRA;24.8;5.2;7.7;475;10.3;1.9;122;343;0
8;MAHARASHTRA;26.3;5.6;7.7;385;3.8;1;110;292;0
9;MAHARASHTRA;26.5;5.2;7.8;410;5.2;1.5;77;218;0
10;MAHARASHTRA;26;6.5;7.8;178;2.5;1.99;22;74;1
11;MAHARASHTRA;29.2;6.2;7.9;749;3.5;1.75;2;80;0
12;MAHARASHTRA;29.5;6.4;8;834;4.7;1.8;2;77;0
13;MAHARASHTRA;30.2;6.2;8;925;4.2;6.9;2;82;0
14;MAHARASHTRA;26.7;6.5;8;730;4;2.9;2;78;0
15;MAHARASHTRA;27.2;7;7.9;637;4.7;6.5;2;80;0
16;MAHARASHTRA;29.7;6.4;8;656;3.6;1.8;3;82;0
17;MAHARASHTRA;26;6.6;8.1;601;3.2;6.75;2;80;0
18;ANDHRA PRADESH;28;5.5;8.1;826;1.7;1;27;161;1
19;ANDHRA PRADESH;31;6.9;9;526;12;0;130;285;0
20;ANDHRA PRADESH;30;5.7;8.5;575;13;0;240;700;0
21;ANDHRA PRADESH;30.5;3.2;8.8;803;15;0;500;1250;0
22;ANDHRA PRADESH;30.5;6.7;9;531;12.5;0;130;425;0
23;ANDHRA PRADESH;29;4.4;8.5;656;13;0;300;500;0
24;ANDHRA PRADESH;30;6.1;8.4;418;6.5;0;300;500;0
25;ANDHRA PRADESH;29.5;6.6;8.2;421;4;0;280;700;0
26;ANDHRA PRADESH;29.5;4.1;9.1;518;16.5;0;240;900;0
27;ANDHRA PRADESH;20;6;8.1;443;0.3;1;2;640;1
28;ANDHRA PRADESH;20.2;5.6;8;462;0.8;1;3;5280;0
29;ANDHRA PRADESH;19.8;6.1;7.9;666;1.8;0.84;2;1160;1
30;ANDHRA PRADESH;26.6;5.8;6.9;290;1.2;2.4;48;628;1
32;ANDHRA PRADESH;26.6;6.1;7.4;480;1.3;1.98;3;432;1
33;ANDHRA PRADESH;26.8;5.9;7;315;1.2;1.29;23;1100;1
44;UTTAR PRADESH;23;9;7.4;242;2.5;0.4;664;1268;1
45;UTTAR PRADESH;23;8;7.4;310;2.7;0.1;4000;630;1
46;UTTAR PRADESH;22;8.2;7.5;293;2.6;0.1;370;610;1
47;UTTAR PRADESH;23;7.8;7.4;320;3.1;0.1;410;630;0
48;UTTAR PRADESH;23;7.3;7.5;277;1.4;0;400;610;1
49;UTTAR PRADESH;26.9;7.9;7.9;288;2.9;0.2;2200;4467;1
50;UTTAR PRADESH;26.9;7.3;7.9;276;3.2;0.3;2978;5078;0
51;UTTAR PRADESH;27;7.9;8.2;290;3;0.2;2333;4256;0
52;UTTAR PRADESH;27;7.5;8.2;307;3.4;0.2;2600;4856;0
53;UTTAR PRADESH;27;6.3;7.7;430;5.5;0.3;15889;54333;0
54;UTTAR PRADESH;22.1;8;7.8;213;3.7;0.8;5517;8250;0
55;UTTAR PRADESH;22.1;8.2;7.8;209;3.6;0.8;5158;7967;0
56;UTTAR PRADESH;24.4;8.7;8.3;385;3.6;1.7;17283;29500;0
57;UTTAR PRADESH;24.5;8.4;8.3;382;3.9;1.8;18333;31833;0
58;UTTAR PRADESH;24.4;8.5;8.3;404;4.2;2;19500;32417;0
59;UTTAR PRADESH;22.4;8.4;7.7;290;2.5;0.4;1567;3078;1
60;UTTAR PRADESH;23.8;8.4;7.6;299;2.6;0.5;2146;6518;0
61;UTTAR PRADESH;22.5;8.3;8.2;338;2.9;0;2617;3950;1
62;UTTAR PRADESH;22.5;7.8;8.5;385;4.5;0;31167;47333;0
63;UTTAR PRADESH;22.7;7.7;8.5;369;3.9;0;17500;25667;0
64;UTTAR PRADESH;17;8.6;8;290;1.8;0;70;125;1
65;BIHAR;24.5;8.4;8.1;371;2.5;0;1190;3100;1
66;BIHAR;24.9;8.1;8.1;376;2.7;0;3183;9350;0
67;BIHAR;24.5;8.1;8.1;376;2.3;0;1600;3436;1
68;BIHAR;22.3;8.2;8.1;270;2.2;0;660;2033;1
69;BIHAR;23.8;8.3;8.2;311;2.5;0;1483;3967;1
70;BIHAR;24.7;7.8;7.9;402;2.8;0;6527;19091;0
71;BIHAR;24.9;7.9;8;402;2.7;0;3782;11564;0
72;BIHAR;24.7;7.3;7.7;452;2.5;0;1382;4573;1
73;BIHAR;24.4;8.1;8;386;2.3;0;1846;4982;1
74;BIHAR;24.1;7.8;7.9;277;2.3;0;1251;2770;1
75;BIHAR;24;7.7;7.8;295;2.6;0;2792;9430;0
76;BIHAR;23.9;7.6;7.8;268;2.4;0;1622;4411;1
77;BIHAR;24;7.7;7.8;280;2.5;0;1560;3722;1
78;BIHAR;24.4;7.7;7.8;276;2.6;0;2933;9044;0
79;BIHAR;23.4;7.8;7.9;265;2.7;0;2678;8511;0
80;BIHAR;24.5;8.2;8.1;352;2.5;0;1705;4683;1
81;BIHAR;24.1;8.1;8.1;375;2.4;0;1198;2855;1
82;BIHAR;23.4;7.8;7.9;260;2.2;0;1106;2529;1
83;BIHAR;23.8;7.8;7.9;267;2.3;0;998;2478;1
84;BIHAR;23.9;7.8;7.9;270;2.3;0;1220;2844;1
85;BIHAR;23.9;7.7;7.9;262;2.4;0;1290;3020;1
86;BIHAR;24.5;8;8;377;2.4;0;1846;5073;0
87;BIHAR;22.5;7.7;7.9;292;2.3;0;1048;2833;1
88;WEST BENGAL;26.5;7.4;7.9;304;4.2;0.8;166358;287833;0
89;WEST BENGAL;27.4;7.4;7.9;353;3.3;0.7;143275;474917;0
90;WEST BENGAL;28.3;6.9;8;312;2.8;0.8;34392;61283;0
91;WEST BENGAL;27;6.7;7.8;315;3.4;0.9;106417;171417;0
92;WEST BENGAL;27.3;6;7.9;323;3.1;0.7;153917;335000;0
93;WEST BENGAL;26.5;6.7;8;319;4.2;0.7;285833;586250;0
94;WEST BENGAL;26.5;6.3;8;314;3.6;0.7;122417;286083;0
95;WEST BENGAL;26.4;6.1;8.1;322;3.2;0.7;310417;542917;0
96;WEST BENGAL;27.1;6.3;8.1;368;3.4;0.6;31417;78083;0
97;WEST BENGAL;26.4;6.9;8;1900;3.7;0.8;41750;88917;0
98;ASSAM;22.3;7.2;7.1;216;1.5;1.4;146;5525;0
99;ASSAM;21.8;7.7;7.2;256;1.4;1.5;2128;45100;0
100;ASSAM;25.1;6.9;7;273;1.5;2.5;585;26322;0
101;ASSAM;24.3;7.5;7;298;1.3;1.7;12418;93005;0
102;ASSAM;25.4;7.9;7.2;236;1.4;2.3;5449;134042;0
103;ASSAM;27.7;6;7.3;295;1.1;1.9;444;8382;0
104;ASSAM;27;8.1;7.6;210;0.9;1.2;3388;123400;0
105;ASSAM;25.8;7.3;7.1;168;1.6;0.4;1653;61303;0
106;ASSAM;27.3;7.1;7.2;289;1.6;1.4;1208;8725;0
107;ASSAM;28.2;5.1;7;253;1.5;1.4;2990;180228;0
108;MAHARASHTRA;23.1;6.8;8.1;160;3.1;2.9;15;387;0
110;MAHARASHTRA;23.8;6;8.2;262;5.1;1.8;149;1357;0
111;MAHARASHTRA;25;6.7;7.6;441;2.9;1.5;2;80;1
113;MAHARASHTRA;24;7;7.5;400;2.8;1.2;4;110;1
114;MAHARASHTRA;20.8;6.1;8.4;551;5.6;2.3;183;1377;0
115;MAHARASHTRA;22;6.2;8.3;458;4.6;2.3;191;1481;0
116;MAHARASHTRA;22.7;6.1;8.2;413;5.5;1.8;171;1257;0
117;KARNaNTAKA;29;7.5;8;685;2.1;2.3;780;1390;1
118;KARNaNTAKA;28;7.5;8;808;1.8;2.1;890;1460;1
119;KARNaNTAKA;29.3;5.9;8.3;521;1.5;0.4;518;1110;1
120;KARNaNTAKA;29.4;7.2;8.3;916;1.9;0.2;792;1483;1
121;KARNaNTAKA;29.5;7.1;8.2;718;1.9;0.2;538;1100;1
122;KARNaNTAKA;29.2;6.2;8.3;513;1.4;0.5;678;1250;1
124;ANDHRA PRADESH;26;6.7;8.1;791;2.6;2;28;611;1
126;ANDHRA PRADESH;28.4;5.7;8.7;1072;1.6;1.2;11;122;1
127;ANDHRA PRADESH;24.9;6.8;7.9;726;0.9;0.6;2;1875;1
128;ANDHRA PRADESH;27.6;7;7.8;669;0.6;0.4;2;1613;1
129;ANDHRA PRADESH;25.8;7.2;8;669;0.7;0.7;2;1750;1
130;ANDHRA PRADESH;28.4;6.8;8.2;818;2.9;2;36;860;1
131;ANDHRA PRADESH;26;5.5;7.6;14804;0.7;0.7;2;1450;1
134;HIMACHAL PRADESH;22.3;7.7;7.5;465;1.2;0.2;9;19;1
135;HIMACHAL PRADESH;23.7;7.5;7.8;331;1.5;0.2;11;21;1
139;UTTAR PRADESH;25;4;7.7;196;8.3;0;43546;73727;0
140;UTTAR PRADESH;25;3.7;7.5;273;9.2;0;53546;117273;0
141;UTTAR PRADESH;25.3;4.5;7.5;281;7;0;34818;65000;0
142;UTTAR PRADESH;24.8;8.1;8.2;522;2.4;1.8;2875;5975;0
144;KARNaNTAKA;27.4;5.4;7.7;394;1;0.1;913;3600;1
145;KARNaNTAKA;27.7;5.8;7.7;298;1;0.1;1073;3533;1
147;KARNaNTAKA;26.7;6.3;8.2;573;2.9;0.6;716;2950;1
148;KARNaNTAKA;27;6.9;7.3;1560;7.3;9.1;56;788;0
149;KARNaNTAKA;29.4;6.6;7.7;1049;4.3;1.3;46;1012;0
150;KARNaNTAKA;26.1;4.4;7.8;467;3.8;0.5;1099;4550;0
151;KARNaNTAKA;26.2;5.7;7.9;370;2.2;0.4;430;1744;1
152;KERALA;26.9;6.7;7.7;78;0.4;0.8;58;96;1
153;KARNaNTAKA;25.3;7.2;7.5;219;1.1;0.3;353;1478;1
154;KARNaNTAKA;25.8;7.2;7.9;299;1.4;0.3;310;1357;1
155;KARNaNTAKA;25.7;7.2;7.9;266;1.3;0.3;308;1345;1
156;KARNaNTAKA;25.7;5.5;7.7;282;2.3;0.3;647;2717;1
157;KERALA;24.7;7.4;7.7;138;0.7;0.2;197;408;1
158;TAMILNaNDU;24.4;8.1;7.7;108;0.7;0.3;11667;37848;0
159;TAMILNaNDU;24.6;7.5;7.7;207;1.1;0.3;6613;20942;0
160;TAMILNaNDU;26.8;7.2;7.9;161;1.9;0.2;15109;32509;0
161;TAMILNaNDU;27.3;6.3;8.1;555;1.5;0.4;15578;35738;0
162;TAMILNaNDU;27.4;7.2;7.9;304;1.8;0.3;18158;42583;0
163;TAMILNaNDU;26.8;5.9;8.1;442;0.9;0.2;12432;24552;0
164;TAMILNaNDU;27.2;6.4;8.1;481;0.9;0.2;22473;44153;0
165;HIMACHAL PRADESH;13.2;8.9;7.1;133;0.3;0.3;5;9;1
166;HIMACHAL PRADESH;17.2;7.9;7.5;295;0.6;1.5;6;22;1
167;HIMACHAL PRADESH;23.3;7.7;7.7;302;1.1;0.3;11;20;1
168;HIMACHAL PRADESH;23.9;7.5;7.7;348;1.4;0.3;9;20;1
169;HIMACHAL PRADESH;17.4;7.9;7.3;242;0.7;1.5;5;17;1
170;HIMACHAL PRADESH;21.9;8.1;7.6;508;1.1;0.4;8;17;1
171;HIMACHAL PRADESH;22.8;7.9;7.6;467;1.4;0.3;8;17;1
172;HIMACHAL PRADESH;10.5;9.3;6.9;82;0.2;0.3;4;8;1
173;HIMACHAL PRADESH;11.2;9.3;6.9;86;0.3;0.4;2;8;1
174;HIMACHAL PRADESH;12.6;9;7;163;0.3;0.3;3;9;1
176;UTTAR PRADESH;24.3;1.1;7.4;1499;75.6;0.6;174167;250000;0
177;UTTAR PRADESH;20.1;0.8;7.4;586;24;0;5692;8150;0
178;MADHYA PRADESH;26.8;6.4;7.6;576;2.8;2;20;211;1
181;UTTAR PRADESH;27.5;6.7;8.5;218;3;0;3150;13310;0
182;UTTAR PRADESH;24;7.1;8.1;386;3.2;0;3580;15300;0
185;RAJASTHAN;26.2;5.6;7.8;317;0.8;0.6;4;5;1
187;RAJASTHAN;27.8;6;7.9;301;0.8;0.4;4;5;1
188;RAJASTHAN;26.6;5.9;8.4;546;2;0.6;13;642;1
189;RAJASTHAN;24.7;5.3;8.2;608;1.3;0.7;4;14;1
193;RAJASTHAN;25.8;5.2;8.2;556;1;0.6;4;10;1
195;MADHYA PRADESH;28;0;7.3;1507;40;45.5;41;1600;0
199;RAJASTHAN;25.6;5.4;8;489;0.9;0.6;4;7;1
200;RAJASTHAN;26.1;5.2;8.3;587;0.9;0.5;4;6;1
202;MADHYA PRADESH;26.3;5.4;7.6;607;5.2;3.3;48;633;0
206;RAJASTHAN;23.9;6.2;7.7;404;1.2;0.5;4;6;1
208;RAJASTHAN;23.2;2.4;8.2;1596;7.3;0.9;13;883;0
210;RAJASTHAN;25.9;5.6;8;265;0.9;0.5;4;6;1
211;WEST BENGAL;20.8;7.5;7.4;86;2;0.5;2833;6700;0
212;ASSAM;24.8;6.5;7.3;195;1.7;0.8;1258;1530;1
213;ASSAM;25.7;7.1;7.1;287;1.3;1.4;423;2320;1
214;ASSAM;24.3;8.1;6.7;58;1.3;0.4;318;4598;1
215;ASSAM;24;7.7;6.6;177;1.3;1.6;875;29558;0
216;ASSAM;25;7.7;6.9;157;1.2;1.3;465;11818;0
217;ASSAM;25.5;7.3;6.5;138;1.7;0.6;175;615;1
218;ASSAM;26.9;5.8;7.1;220;1.3;1.6;228;1133;1
219;ASSAM;29;5.3;6.8;132;2.3;0.8;1280;62780;0
220;ASSAM;17.5;6.2;6.8;138;1.6;1.3;1255;2975;1
221;ASSAM;15.1;6.3;6.8;136;1;1.4;6048;31975;0
222;ASSAM;13.3;4.9;6.8;177;1.7;1.8;638;6740;0
223;WEST BENGAL;27.3;6.7;7.4;166;3;0.3;169867;344500;0
224;WEST BENGAL;28.8;7.6;7.6;141;2.4;0.3;4708;15667;0
225;ASSAM;23;7.7;7;355;0.8;1.4;1530;5628;0
233;UTTAR PRADESH;26.9;6.9;8;391;4.1;0.3;2800;5256;0
235;UTTAR PRADESH;26.9;6.2;7.9;316;5.1;0.3;2956;5056;0
236;UTTAR PRADESH;22.9;8;8;305;2.6;0;4942;5758;0
237;UTTAR PRADESH;23.3;3.3;8.4;508;36.5;0;137417;224167;0
238;UTTAR PRADESH;26.8;7.3;13.2;237;3.7;0.1;2164;4427;0
239;UTTAR PRADESH;23;7.8;8.2;298;2.9;0;6300;10192;0
240;UTTAR PRADESH;25.8;8.7;8.1;392;2.7;1.3;631;1879;1
241;UTTAR PRADESH;25.9;8;8;454;3.3;1.6;2120;3900;0
242;UTTAR PRADESH;25;2.6;7.6;568;9.5;4;82800;118300;0
243;UTTAR PRADESH;22.7;7.7;8.2;323;3.3;0;11083;16333;0
244;UTTAR PRADESH;22.9;7.8;8.1;306;3;0;6917;11283;0
245;UTTAR PRADESH;20.8;7.5;8;478;3.4;0.4;593;1175;0
246;UTTAR PRADESH;21;7.1;8.1;438;2.8;0.3;232;494;1
247;UTTAR PRADESH;20.3;9.2;7.7;187;2.7;0.7;4525;7258;0
248;UTTAR PRADESH;23;7.7;8.1;488;2.9;0.3;203;455;1
249;UTTAR PRADESH;21.6;7.5;8.1;529;3.4;0.4;583;1177;0
250;BIHAR;23.2;8.6;8.2;260;2.2;0;1115;2433;1
251;UTTAR PRADESH;24.5;7.6;8.1;286;2.4;0.6;1287;2367;1
252;UTTAR PRADESH;24.5;7.9;8.1;281;2.3;0.6;1525;2633;1
253;BIHAR;22.6;8.1;8.1;232;1.9;0;697;1533;1
254;BIHAR;19;8.2;7.6;250;2.1;0;710;1567;1
255;BIHAR;23;8.3;8;252;2.2;0;483;1580;1
256;BIHAR;23.2;7.7;7.8;298;2.2;0;848;2167;1
257;BIHAR;22.3;8.6;8.1;238;2;0;581;1557;1
258;BIHAR;23;8.4;8.1;247;1.8;0;527;1305;1
259;BIHAR;23.2;7.9;8;302;2.1;0;897;2317;1
260;BIHAR;23.1;16.3;8.1;269;2;0;769;1655;1
261;BIHAR;23.8;8;7.4;346;2;0;532;1180;1
262;BIHAR;22.4;6.5;7.5;319;3.5;0;1900;5025;0
263;BIHAR;23.3;4.2;7.3;418;7.1;0;2460;7640;0
264;BIHAR;25.6;4.3;7.1;450;30;0;1690;6333;0
265;BIHAR;23.3;8;8;290;2.4;0;1350;3250;1
266;BIHAR;24.1;4.4;7.2;370;4.7;0;1700;4450;0
267;BIHAR;22.1;8.1;8.1;228;1.8;0;721;1257;1
268;BIHAR;18.5;8.6;8.1;338;2.1;0;500;950;1
269;BIHAR;23;7.9;7.8;319;2.2;0;740;1840;1
270;BIHAR;18;8.8;8.2;340;2;0;500;900;1
271;BIHAR;22.3;5.6;7.4;330;3.5;0;2000;5560;0
272;BIHAR;24.8;7;7.4;184;2;0;670;1989;1
273;BIHAR;23.5;7.1;7.6;211;2;0;900;2175;1
274;BIHAR;24.2;7.1;7.4;215;2.1;0;738;1880;1
275;BIHAR;23.7;7.8;7.8;326;2.4;0;1500;2983;1
276;BIHAR;20.9;5.4;7.5;404;3.3;0;1900;5883;0
277;BIHAR;23.7;7.7;7.8;333;2.3;0;1200;2650;1
278;BIHAR;25.2;4.5;7.2;289;5.3;0;1182;3033;0
279;BIHAR;18.5;7.3;7.8;288;2.8;0;1400;4000;1
280;BIHAR;23.3;7;7.4;251;2.5;0;1343;3157;1
281;BIHAR;25.6;2.1;6.9;461;8.6;0;3867;14367;0
282;BIHAR;23.5;7.2;7.6;299;2.2;0;1045;2750;1
283;BIHAR;27.8;2.1;7.2;457;11;0;5000;16000;0
284;BIHAR;24.5;8;7.9;276;1.7;0;743;2333;1
285;BIHAR;22.6;8.4;7.9;306;2;0;596;1400;1
287;BIHAR;22.3;7.9;7.8;300;2.2;0;827;2467;1
288;BIHAR;21;8;7.9;289;2.1;0;600;1650;1
289;BIHAR;27.8;2.1;7.3;432;9.7;0;2850;12550;0
290;PUNJAB;22.7;5.8;7.2;640;6;4.3;1450;4073;0
291;PUNJAB;19;4.8;7.6;1090;22;3.6;30500;52500;0
292;PUNJAB;23;5.5;7.3;705;10;5;2020;5433;0
293;PUNJAB;24;5.1;7.4;1375;23.7;5.9;27333;50333;0
294;PUNJAB;24.7;5.5;7.4;745;10;6.1;12167;29333;0
295;PUNJAB;25;5;7.6;975;16.3;6.1;11167;21667;0
296;PUNJAB;22;4.9;7.7;1385;27.5;7.7;42500;72000;0
297;PUNJAB;24.3;5;7.3;1067;19.3;6.2;21467;39533;0
298;PUNJAB;23.3;5.3;7.2;970;13.3;5.9;3167;7133;0
299;PUNJAB;19.5;4.9;7.7;1418;21;4.2;28000;49500;0
300;PUNJAB;21.5;4.1;7.5;1015;23;6.1;35000;57500;0
301;PUNJAB;20;4.8;7.4;854;17;4.7;20500;38000;0
302;RAJASTHAN;32.6;4;6.8;370;3;0.8;4;9;0
303;HIMACHAL PRADESH;23.6;7.8;7.8;376;1.3;0.4;9;17;1
304;HIMACHAL PRADESH;23.9;7.7;7.7;354;1.3;0.3;12;22;1
305;HIMACHAL PRADESH;24.5;7.6;7.9;344;1.6;0.4;12;22;1
306;HIMACHAL PRADESH;18.1;4.4;7.1;694;41;1.2;92;224;0
307;RAJASTHAN;25.1;5.9;8;401;0.9;0.7;4;15;1
308;RAJASTHAN;22.3;6;7.2;106;0.8;0.4;4;15;1
309;RAJASTHAN;23.7;5.6;7.9;326;1.1;0.8;4;4;1
310;RAJASTHAN;23.9;6.2;8.1;592;1;0.7;4;6;1
311;MAHARASHTRA;25.1;6.6;7.8;95;4.9;0.2;16;36;0
312;MAHARASHTRA;29.6;6.9;7.9;99;5;0.4;15;34;0
313;MAHARASHTRA;27.4;6.8;7.7;85;5.2;0.3;11;23;0
314;MAHARASHTRA;27.8;6.7;7.8;80;4.9;0.3;12;29;0
315;MAHARASHTRA;30.6;5.1;7.3;3937;10.3;1.8;31;83;0
316;MAHARASHTRA;25;5.6;7.9;468;3.6;1.9;66;164;0
317;MAHARASHTRA;25;6.4;7.6;541;5.7;0.6;23;45;0
318;MAHARASHTRA;25;5.5;7.4;6166;7.7;1.1;44;67;0
319;MAHARASHTRA;25.3;5.3;7.7;24062;9.9;1.2;156;304;0
320;MAHARASHTRA;25.1;6.7;7.6;83;4.8;0.2;28;76;0
321;MAHARASHTRA;26.1;3.6;7.4;4424;31.3;2.2;276;474;0
323;MAHARASHTRA;27.4;5.9;7.4;268;6.4;0.4;37;68;0
324;MAHARASHTRA;27.1;5.4;7.5;2413;7.4;1.5;59;116;0
325;MAHARASHTRA;27.2;5.8;7.3;384;5.4;0.6;37;78;0
326;MAHARASHTRA;27.3;5.9;7.4;269;5.1;1.2;34;60;0
327;MAHARASHTRA;27;6;7.3;269;8.5;0.4;32;58;0
328;MAHARASHTRA;27.2;6.1;7.3;196;6.1;0.5;30;63;0
329;MAHARASHTRA;27;5.9;7.4;269;6.4;0.4;19;47;0
330;MAHARASHTRA;22.6;6.3;7.8;223;4.6;0.9;15;32;0
336;MAHARASHTRA;27.1;6.8;7.9;5390;4.9;0.8;15;28;0
337;MAHARASHTRA;27.6;6.6;8.1;161;4.6;0.3;16;32;0
338;MAHARASHTRA;27.3;6.7;8;138;5;0.3;14;33;0
339;MAHARASHTRA;27.8;6.7;7.8;81;4.9;0.3;14;35;0
340;MAHARASHTRA;28;5.9;7.7;194;5.5;0.6;22;51;0
341;MAHARASHTRA;28.1;6.3;7.6;186;4.6;0.6;13;31;0
342;MAHARASHTRA;28.6;6.6;7.6;207;4.7;0.7;12;31;0
343;MAHARASHTRA;26.9;6.8;7.7;85;5;0.4;15;34;0
351;MAHARASHTRA;26.3;3.7;7.9;453;7.5;2.2;202;1468;0
352;MAHARASHTRA;24.4;5.8;8.1;523;5.7;2.1;164;1529;0
353;MAHARASHTRA;28.5;5.9;7.9;524;11.1;3;52;609;0
354;MAHARASHTRA;27.1;3.3;7.7;424;13.7;3.1;386;1800;0
355;MAHARASHTRA;27.3;5.3;8;720;7.2;2.9;209;1700;0
356;MAHARASHTRA;27.5;5.4;8;755;7.2;3.2;187;1675;0
357;MAHARASHTRA;29.5;6.4;8.2;991;5.3;2;251;1425;0
358;MAHARASHTRA;29.1;6.2;8.2;1010;5.1;2.3;164;1529;0
359;KARNaNTAKA;27.3;6.8;8.4;949;3.8;0.3;1483;1600;0
360;KARNaNTAKA;28.5;6.7;14.7;917;3;0.2;992;1542;0
361;KARNaNTAKA;29.6;7.6;8.1;834;2.1;0.2;1183;1600;1
362;KARNaNTAKA;29.2;6.4;8.4;874;3;0.3;1033;1483;0
363;GOA;29.8;5.7;7.2;189;2;0.2;4953;8391;0
364;GOA;29.5;6.3;6.9;179;1.7;0.1;3243;5330;0
365;GOA;29.7;5.8;6.9;64;3.8;0.5;5382;8443;0
366;GOA;29.5;5.8;7.3;83;1.9;0.4;3428;5500;0
367;GOA;30;5.5;7.4;81;1.5;0.1;2853;4049;1
368;GOA;29.2;6.1;6.7;308;1.4;0.3;3355;5672;0
369;GOA;29.6;6.4;6.7;414;1;0.2;6073;9423;0
370;GOA;30;6.4;7.6;305;2.2;0.1;3478;4990;1
371;GOA;30.1;6.3;7.6;77;2.3;0.1;2606;4301;1
372;GOA;27.8;7.1;7.1;176;1.2;0.1;4573;7817;0
373;GOA;27.9;6.7;6.4;93;1.4;0.1;2147;3433;1
374;GOA;29.3;7.4;6.8;121;1.7;0.4;11633;18125;0
375;GOA;29.2;6.9;7;620;1.1;0.1;3500;6300;0
376;GOA;30;6;7.5;72;1.6;0.2;4995;9517;0
377;GOA;29;7.3;7;247;1.5;0.2;1095;2453;1
378;GOA;29.1;7.3;7;188;1;0.1;1286;3048;1
379;GOA;28.7;7;6.9;224;1.2;0.3;3896;6742;0
380;GOA;28.7;7.3;6.7;144;1.5;0.1;1940;3052;1
381;GOA;29.5;5.3;6.8;319;1.8;0.3;6458;10250;0
382;GOA;29;6.3;6.4;79;1.6;1.4;7592;12842;0
383;GOA;29.4;5.4;7.6;39;1.4;0.1;3176;6367;0
384;GOA;28.3;2.2;6.5;322;4.7;1.2;11210;14920;0
385;GOA;30.1;5.2;7.1;192;2.6;0.3;5073;8925;0
386;GOA;30.3;5.6;7.5;282;1.8;0.1;3205;5082;0
639;KERALA;28.5;6.6;7;70;1.4;0.1;550;822;1
387;GOA;30.5;5.5;7.4;275;1.5;0.1;4698;8625;0
388;GOA;29.1;7.3;6.7;55;1.4;0.1;2638;4003;1
389;GOA;30.1;6.5;7.5;415;2;0.1;864;1538;1
390;GOA;29.2;7.2;6.3;100;1.5;0.1;7942;13575;0
393;MAHARASHTRA;26.3;6.6;7.9;1610;4.7;0.4;2;107;0
394;ANDHRA PRADESH;29.1;5.8;8.2;498;1.3;2;13;102;1
395;ANDHRA PRADESH;29.6;5.2;8.2;555;1.6;2.9;19;158;1
396;ANDHRA PRADESH;28.5;6.3;8.4;451;0.8;0.9;9;90;1
397;ANDHRA PRADESH;28.3;6.6;8.4;427;1;1;9;82;1
398;KARNaNTAKA;27.9;7;7.8;543;2.3;1.3;786;1400;1
401;MAHARASHTRA;26.1;5.1;8.1;369;11.3;1.1;140;220;0
402;MAHARASHTRA;24.9;6;8.2;403;8.9;1;90;130;0
403;MAHARASHTRA;23.9;6.2;8.2;458;8.9;2.2;110;140;0
404;MAHARASHTRA;23.4;5.1;8.2;577;10.7;2.3;110;140;0
405;MAHARASHTRA;24.4;5.4;8.1;678;10.6;2.7;50;80;0
406;MAHARASHTRA;23.7;5.7;8.2;498;8.9;2.1;40;70;0
407;MADHYA PRADESH;22.7;7.4;7.4;450;2.2;0.4;39;67;1
408;MADHYA PRADESH;21.4;7.3;8;386;2.3;1;15;95;1
409;MADHYA PRADESH;23;7.7;8.1;292;1.5;4.8;0;36;1
410;MAHARASHTRA;33.3;4.8;8.3;482;10.8;6;170;277;0
411;MAHARASHTRA;28.1;5.9;8.1;341;9.1;1.2;82;132;0
412;MAHARASHTRA;27.3;5.3;8.2;273;9.6;1.7;98;180;0
413;MAHARASHTRA;25.1;6.2;8.2;393;9.1;2.4;110;170;0
414;MAHARASHTRA;24.3;5.3;8.2;388;10.6;1.2;140;240;0
415;MAHARASHTRA;24.1;5.7;8.2;366;8.6;0.9;170;280;0
416;MAHARASHTRA;24.1;5.5;8.2;607;10.4;2.9;114;193;0
417;MADHYA PRADESH;23.7;7.4;7.7;403;2.1;0.3;39;127;1
418;MAHARASHTRA;33.8;4.8;8.2;477;10.5;6.7;131;221;0
419;MAHARASHTRA;24.4;5.5;8.2;534;10.1;2.7;103;157;0
420;MAHARASHTRA;24.9;5.1;8.2;523;11.1;2.7;140;222;0
421;MAHARASHTRA;26.3;4.7;8.4;940;15.1;11.5;183;273;0
422;MAHARASHTRA;23.2;4.2;8.4;685;13;8.4;363;420;0
423;MAHARASHTRA;31.6;5.1;8.3;435;9.7;2.5;152;231;0
424;ANDHRA PRADESH;21.6;6.9;7.5;469;0.8;0.5;2;1100;1
426;MAHARASHTRA;27.6;6.5;7.7;1127;5.7;0.3;3;108;0
427;MAHARASHTRA;22.1;5.2;7.9;306;4.5;2.2;47;136;0
428;MAHARASHTRA;21.6;4.7;7.9;262;3.4;1.2;33;106;0
429;MAHARASHTRA;21.9;5.5;8;247;3.7;1.1;39;104;0
430;MAHARASHTRA;22.7;5.4;8.1;244;3.6;1;44;117;0
431;MAHARASHTRA;21.3;4.9;7.9;272;3.4;0.6;59;155;0
432;MAHARASHTRA;25;5.8;8.3;506;8.5;2.6;14;34;0
433;MAHARASHTRA;24.6;5.1;8.3;534;9.5;3.2;26;50;0
434;MAHARASHTRA;25.3;4.9;8.4;966;12.8;11.7;133;247;0
435;MAHARASHTRA;31.2;5.2;8.3;432;9.8;2.3;113;186;0
436;MAHARASHTRA;31.1;4.7;8.2;432;11.2;2.3;150;246;0
437;KARNaNTAKA;28.9;7;8;736;1.5;4.9;700;1250;1
438;KARNaNTAKA;27.5;7.1;7.9;447;1.5;1;558;1040;1
439;KARNaNTAKA;27.5;6.8;7.4;237;4.5;0.2;796;1460;0
440;KARNaNTAKA;28.5;6.6;7.7;371;1.2;0.6;620;1080;1
441;KARNaNTAKA;28.5;6.9;8;1004;3.3;2.1;740;1390;0
442;KARNaNTAKA;27;7.1;7.9;1017;4;1.5;732;1350;0
443;KARNaNTAKA;25.8;7.2;7.9;286;2.4;0.1;71;157;1
444;KARNaNTAKA;26.1;7;8;415;2.9;0.3;93;191;1
445;KARNaNTAKA;29.9;7.2;7.9;613;1.9;0.2;927;1542;1
446;KARNaNTAKA;27;6.5;7.9;536;6;0.4;179;386;0
447;KARNaNTAKA;26.9;6.5;7.9;398;4;0.2;143;288;0
448;KARNaNTAKA;26.5;6.7;8;383;3.6;0.2;129;279;0
449;KARNaNTAKA;29.8;7.2;8.1;448;1.9;0.2;808;1425;1
450;KARNaNTAKA;26.1;7.2;7.9;313;2.7;0.1;69;152;1
451;KARNaNTAKA;26.2;7.2;7.9;290;2.9;0.1;55;133;1
452;ANDHRA PRADESH;27.7;7.1;8.1;956;2.2;2.5;18;544;1
453;ANDHRA PRADESH;27;6.9;8.2;999;3;3.1;23;620;0
454;KARNaNTAKA;27.6;6;7.8;166;3.5;0.2;273;734;0
455;KARNaNTAKA;28.5;6.4;8;219;3.3;0.3;150;291;0
456;KARNaNTAKA;21.8;5.5;13.7;223;1;0.1;718;2946;0
457;KARNaNTAKA;29.5;5.8;7.7;245;4.2;0.2;867;1542;0
458;KARNaNTAKA;28.8;6;7.8;226;3.3;0.2;145;302;0
459;KARNaNTAKA;29.6;6.5;8;154;2;0.2;58;130;1
460;KARNaNTAKA;21.5;5.5;7.4;185;1;0.1;532;2064;1
464;ANDHRA PRADESH;28.6;5.4;8.2;1062;2.1;2.6;21;67;1
465;ANDHRA PRADESH;25.5;6.9;8;838;0.9;0.6;2;1450;1
466;ANDHRA PRADESH;24;6.6;8.3;905;0.7;0.5;2;1400;1
467;KARNaNTAKA;29.1;6.9;8.3;596;2.6;0.3;842;1425;1
468;KARNaNTAKA;29;6.8;8.4;575;2.6;0.4;696;1483;1
469;ANDHRA PRADESH;28.3;4.8;7.9;1868;5.6;10.3;21;181;0
470;ANDHRA PRADESH;27;6.8;7.8;648;3.6;5;14;554;0
471;KARNaNTAKA;27.3;7;8.1;734;1.3;0.9;820;1460;1
472;GOA;31.6;7.3;7.2;46;1.2;1.23;108;413;1
473;GOA;30.8;7.1;6.7;48;1.4;0.26;7453;12640;0
474;GOA;30.2;7.4;6.9;80;0.8;0;160;329;1
475;GOA;29.7;4.1;6.7;141;2;1;4428;7894;0
476;GOA;29.1;2.7;6.4;137;2.2;0.77;3207;4719;0
477;GOA;31.6;5.9;6.6;110;2.7;1;1666;12638;0
478;GOA;30.3;1.3;6.6;350;2.9;0;18857;32714;0
479;GOA;31.6;4.9;6.5;148;2.8;1.05;2864;4218;1
481;GUJARAT;27.6;6.5;8.6;649;21.8;4;5064;2487;0
482;GUJARAT;29.5;7.03;8.1;320;29.5;3.23;783;12400;0
483;GUJARAT;28;7.8;8;2225;5.5;2;2568;2448;0
484;GUJARAT;29.3;6.4;8;23125;4.8;2;4500;178;0
489;GUJARAT;28.3;6.8;8;1870;13;1;4;29;0
490;GUJARAT;28.5;7.1;7.5;2100;21;1;4;95;0
499;GUJARAT;29;5.9;7.8;1453;7.3;6.45;30;7;0
500;GUJARAT;27.8;2.4;8;351;6.6;6.22;24;959;0
501;MADHYA PRADESH;26;8.3;8.3;270;2.1;3;4;87;1
502;MADHYA PRADESH;25.7;9.1;8;461;5.5;1.06;7;363;0
503;MADHYA PRADESH;25;5.8;7.7;872;1.9;12;7;170;1
504;MADHYA PRADESH;22;7.6;7.5;408;2;1.92;7;55;1
505;MADHYA PRADESH;22;6.8;7.5;428;2.1;2;13;82;1
506;MADHYA PRADESH;29.2;7.5;7.4;59;3.1;5;26;364;0
507;MADHYA PRADESH;27;7.6;7.9;680;6.4;17;8;382;0
508;MADHYA PRADESH;26.1;8.2;8.3;263;2.3;3;4;97;1
509;MADHYA PRADESH;26.8;8.2;8.2;277;2.2;2;4;88;1
510;MADHYA PRADESH;25.4;7.1;8.1;273;2.2;4;4;94;1
511;MADHYA PRADESH;26.7;7.3;7.9;301;1.8;6.66;3;93;1
512;MADHYA PRADESH;22.5;4.4;7.7;464;4.4;12;5;260;0
513;MADHYA PRADESH;22.3;7.3;7.9;502;7.6;2;12;121;0
514;MADHYA PRADESH;22.5;7.4;7.7;495;5;3;5;200;0
515;MADHYA PRADESH;22.1;6.9;7.5;448;4.3;2;8;49;0
519;RAJASTHAN;23.8;5.3;8.2;572;1.5;1;7;65;1
520;RAJASTHAN;23.9;4.6;8.4;1463;3.2;1;16;557;0
521;RAJASTHAN;19.9;4.7;8.2;321;1.5;1;12;242;1
522;RAJASTHAN;24.3;5;8.4;583;1.2;1;4;12;1
523;RAJASTHAN;23.2;8.4;8.3;300;1;2;5;21;1
524;RAJASTHAN;21.7;5.7;8;295;1.1;1;5;9;1
525;RAJASTHAN;26.1;4.5;7.9;483;1.5;1;5;15;1
526;RAJASTHAN;24.4;5;8;314;1.9;2;4;7;1
527;RAJASTHAN;30.3;5.1;7.9;266;0.9;1.08;4;7;1
528;RAJASTHAN;21.3;5;8.6;604;1.2;2.29;4;11;1
529;RAJASTHAN;21.2;4.9;8.6;593;1.1;1;4;7;1
530;RAJASTHAN;23.2;4.4;8.1;538;1.2;1;5;14;1
531;RAJASTHAN;22.9;5.6;8.4;591;1.1;3;4;8;1
532;RAJASTHAN;22.9;5.8;8.5;588;1.2;3;4;6;1
533;RAJASTHAN;28.7;4.1;7.9;1133;2.3;2;7;67;1
534;RAJASTHAN;24.3;3.5;8.9;2004;6.5;1;13;248;0
600;KERALA;25.1;6.7;7.5;85;1.4;1;183;420;1
601;KERALA;24.6;5.8;7.4;77;1.4;0.8;285;691;1
602;KERALA;25.7;6.6;7.5;75;1.4;0.7;183;448;1
603;KERALA;24.8;6.7;7.5;82;1.4;1;161;443;1
604;KERALA;27.3;6.7;6.9;56;0.9;0.2;82;172;1
605;KERALA;27.5;6.5;6.7;2240;1.2;0.2;136;304;1
606;KERALA;25.2;6.3;6.9;73;1.6;0;787;2008;1
607;KERALA;29.9;7;7.4;130;0.7;0.1;301;590;1
608;KERALA;29.8;6.6;7.7;191;1.6;0.2;362;661;1
609;KERALA;27.8;6.9;6.9;134;1.1;0.4;249;531;1
610;KERALA;26.7;7;7.5;80;0.8;0.4;2573;3583;1
611;KERALA;25.8;6.7;7.4;14526;0.8;0.6;1411;1969;1
612;KERALA;26.4;7.2;7.4;82;0.7;0.5;840;1311;1
613;KERALA;29.8;7.5;7.2;67;1.1;0.1;76;590;1
614;KERALA;28.6;3;6.6;965;1.7;1.2;247;530;0
615;KERALA;26.9;5.9;7.4;17990;0.7;0.5;1888;2803;1
616;KERALA;26;6.7;7.5;90;1.6;0.9;199;473;1
617;KERALA;23.6;6.1;7.4;4429;2;1.6;243;550;1
618;KERALA;30.3;6.7;6.9;87;1.7;0.2;155;350;1
619;KERALA;30.7;6.9;6.8;85;1.6;0.2;82;206;1
620;KERALA;28.7;2.1;6.8;101;1.6;0.8;431;694;0
621;KERALA;28.2;2.5;6.9;83;1.9;0.3;353;656;0
622;KERALA;24.8;7.2;7.6;75;1.4;1;188;426;1
623;KERALA;26.3;3.7;7.7;32005;1.2;0.9;40000;60392;0
624;KERALA;29.2;6.1;7.6;281;1.2;0.7;384;718;1
625;KERALA;26.6;6.7;7.6;106;0.5;2.5;44;71;1
626;KERALA;30.4;7.6;7.1;58;1.2;0.1;163;961;1
627;KERALA;25.5;1.9;7.7;2941;26.9;2.8;10875;37375;0
628;KERALA;25.1;7.4;7;35;0.1;0;165;409;1
629;KERALA;28.9;6.4;7.2;63;1.3;0.4;121;535;1
630;KERALA;28.8;5.4;6.7;65;1.1;0.3;60;144;1
631;KERALA;29.3;5.6;7.3;90;1.6;0.4;268;705;1
632;KERALA;29.5;7.1;8;728;1.2;0.4;374;697;1
633;KERALA;28.4;5.9;6.8;13953;1.5;0.4;70;166;1
634;KERALA;26.9;7.4;6.9;57;1.1;0.3;70;159;1
635;KERALA;25.8;7.2;7.2;41;0.7;0.2;441;658;1
636;KERALA;26.6;6.5;7.4;71;0.6;0.3;4192;7018;0
637;KERALA;25.3;6.8;7.1;81;0.8;0;389;1268;1
638;KERALA;28.2;6.8;6.9;68;1.7;0.1;449;660;1
640;KERALA;27.6;6.4;7.7;100;0.6;0.9;56;88;1
641;KERALA;29;7.3;6.9;96;1.9;0.2;89;825;1
642;KERALA;27.5;6.8;6.6;49;0.5;0.4;1719;2950;1
643;KERALA;30;5.6;7.2;24360;2.1;0.3;92;447;1
644;KERALA;27.8;6.9;6.8;59;0.6;0.5;1916;3375;1
645;KERALA;30.2;7.1;6.8;14410;1.8;0.1;65;468;1
646;KERALA;30.8;6.2;7.2;22757;1.5;0.1;98;542;1
647;KERALA;25.3;6.7;7.1;66;0.6;0;222;626;1
648;KERALA;25.3;7.2;7;59;0.6;0;165;433;1
649;KERALA;25.8;6;7.6;120;1.3;1.1;212;523;1
650;KERALA;27.2;5.2;6.8;55;0.6;0.7;171;313;1
651;KERALA;28.1;4.8;6.8;86;0.7;0.8;208;332;1
652;KERALA;28.3;3.9;6.9;62;0.5;0.7;155;284;0
653;KERALA;28.1;5;6.9;3185;1.8;0.4;290;667;1
654;KERALA;27.7;7;7;36;1.1;0.2;276;541;1
655;KERALA;28;6.3;6.9;64;1.2;0.3;381;815;1
656;KERALA;28.2;6.2;6.9;86;1.3;0.2;372;1007;1
657;KERALA;28;5.7;6.8;2640;1.9;0.5;385;759;1
658;KERALA;28.1;5.7;6.9;53;3.1;0.4;574;1205;0
659;KERALA;28.1;6.6;7.1;2007;1.3;0.2;356;785;1
660;KERALA;28.1;6.6;7;46;1.3;0.3;228;472;1
661;KERALA;27.3;6.5;6.5;43;0.9;0.4;87;188;1
662;KERALA;28.3;6.7;6.3;54;0.9;0.1;136;610;1
663;KERALA;29.1;4.3;7.2;113;1.8;0.4;188;796;1
664;KERALA;28.7;4.6;6.7;12561;1.5;0.6;72;171;1
665;KERALA;28.5;7.7;6.9;61;1.6;0;88;554;1
666;KERALA;26.6;5.8;6.5;61;1;0.4;70;151;1
667;KERALA;31;4.5;6.9;1614;2.1;0.6;131;230;1
668;KERALA;30.5;6.9;7.2;20950;1.3;0.2;113;643;1
669;KERALA;28.8;6.6;7;14487;0.9;0.3;55;103;1
670;KERALA;25.3;6.9;7.5;54;0.6;0;319;1633;1
671;ANDHRA PRADESH;25.9;5.5;7.6;569;1.3;0.9;18;141;1
672;ANDHRA PRADESH;26.5;5.4;7.8;310;0.8;2.4;7;107;1
673;ANDHRA PRADESH;18.9;7.1;7.8;516;0.7;0.5;2;1238;1
674;ANDHRA PRADESH;20.5;6.9;8;505;0.9;0.7;2;1563;1
675;KARNaNTAKA;27.1;7.3;7.3;109;2.4;3.4;18;65;1
676;KARNaNTAKA;26.3;7.5;7.5;83;2.1;2;22;74;1
677;KARNaNTAKA;29.1;6.4;7.2;102;1;0;137;1223;1
678;KARNaNTAKA;28.4;6.5;7.1;92;1;0;155;1342;1
679;ODISHA;24.7;7.7;7.9;232;1.3;0.8;30790;40500;0
680;ODISHA;24.4;7.5;7.8;519;2.1;0.7;38700;53556;0
681;ODISHA;22.7;7.3;7.2;103;0.7;1.7;4871;13810;0
682;ODISHA;24.8;7.4;7.9;196;0.7;0.6;5323;15213;0
683;ODISHA;24;7.4;7.8;244;1.9;1;20880;12473;0
684;ODISHA;22.8;7.5;8;243;1.7;0.9;8780;30319;0
685;ODISHA;26.8;7.2;8;296;1.5;0.7;1468;4314;1
686;ODISHA;27.4;6.6;7.8;25034;1.5;0.9;1671;4224;1
687;ODISHA;25.3;7.5;7.9;194;1;1;2906;8559;0
688;ODISHA;27.1;7.4;7.9;170;0.8;0.9;4948;16709;0
694;TAMILNaNDU;29.3;6.5;7.4;1063;2;0.6;177;374;1
695;TAMILNaNDU;22.8;6.8;6.6;63;2.9;0.1;11;36;1
696;TAMILNaNDU;24.5;6.6;6.4;101;2.5;0.2;13;41;1
697;TAMILNaNDU;25.5;6.6;6.5;136;2.5;0.2;13;45;1
698;TAMILNaNDU;29;6.7;6.9;226;2.2;0.2;12;38;1
699;TAMILNaNDU;23.8;6.7;6.3;72;2.7;0.2;9;32;1
700;TAMILNaNDU;22.8;6.7;6.4;61;4.6;0.1;10;34;0
701;TAMILNaNDU;29;6.6;7.2;1300;2.7;0.2;21;60;1
702;TAMILNaNDU;29;6.7;7;461;2.5;0.1;17;51;1
703;TAMILNaNDU;23;6.6;6.2;69;2.5;0.1;11;38;1
704;TAMILNaNDU;29;6.8;6.9;241;2.5;0.1;14;48;1
705;TAMILNaNDU;25.7;6.5;6.6;159;2.4;0.2;11;41;1
706;TAMILNaNDU;25.7;6.6;6.7;170;2.5;0.2;10;34;1
707;TAMILNaNDU;24.3;0.9;7.6;2039;104.5;0.9;272521616;511090873;0
733;MEGHALAYA;25.5;7.2;7.5;119;2.3;3.8;33;74;1
734;MEGHALAYA;25.1;7.2;7.5;120;2.3;4.1;31;67;1
735;MEGHALAYA;25.2;7.5;7.3;82;1.8;2.8;30;70;1
736;MEGHALAYA;23.2;7.5;7.5;111;2.4;3;293;506;1
737;MEGHALAYA;20.1;5.3;3.3;831;7.7;3.2;18;36;0
738;MEGHALAYA;18.3;7.2;7.2;56;1.7;2.6;21;42;1
739;MEGHALAYA;19.3;7.5;7.2;66;1.6;2.5;22;44;1
740;MEGHALAYA;24;7.8;7;74;2.3;4.3;28;108;1
741;MEGHALAYA;20.5;6.7;2.7;1350;3.3;1.1;7;16;0
742;MEGHALAYA;21.2;7.3;6.6;274;2.5;2.4;176;386;1
743;MEGHALAYA;26.3;7.4;7.3;67;1.8;2.5;25;55;1
744;MEGHALAYA;25.5;7.2;7.4;82;2;2.8;26;61;1
745;MEGHALAYA;20;7.3;7.1;55;1.9;2.5;24;53;1
746;MEGHALAYA;20.3;7.3;7.1;57;2;2.4;24;50;1
747;MEGHALAYA;19.4;6.6;7.1;114;2.6;2.8;2142;3108;1
748;MEGHALAYA;21;7.3;5.6;56;1.8;2.1;16;34;0
749;MEGHALAYA;19.2;5.1;7;105;3.6;4.7;351;780;0
750;MEGHALAYA;18.3;7.3;7.1;51;1.6;2.4;19;40;1
751;MEGHALAYA;19.6;7.7;7.2;50;1.6;2;19;36;1
752;MEGHALAYA;23.7;7.6;7.3;115;2.1;3.7;301;528;1
753;MEGHALAYA;18.2;6.2;7;81;2.4;5.1;36;79;1
754;MEGHALAYA;18.8;7.2;7.1;66;1.9;3.4;28;63;1
755;MEGHALAYA;18.9;7.4;7.1;57;1.5;2.9;13;40;1
756;MEGHALAYA;25.1;7.5;7.4;144;1.7;3.5;26;59;1
757;MEGHALAYA;18.8;7.1;7.1;63;1.9;5.6;22;48;1
758;MEGHALAYA;20.2;7.3;7.2;65;1.9;3.3;24;48;1
759;MEGHALAYA;20;7.3;7.3;65;2;3;25;54;1
760;MEGHALAYA;18.5;1.5;6.9;345;33.9;16.9;23232;34251;0
761;MEGHALAYA;18.8;3.9;7.1;233;17;10.5;13174;22223;0
762;MEGHALAYA;18.3;1;7.2;376;57.2;20.3;48665;83554;0
763;MEGHALAYA;18.5;0.9;7.2;506;61.1;19.6;64250;106333;0
764;MEGHALAYA;18.2;7.2;7;66;1.9;3.7;28;60;1
765;MEGHALAYA;22.1;7.7;7.2;62;1.6;3;27;59;1
766;MEGHALAYA;17.6;7.3;6.9;61;2.2;2;25;52;1
767;MEGHALAYA;18.7;1.2;7.1;380;45.7;15.6;51583;94083;0
768;MEGHALAYA;18.7;3.2;7.1;258;23.5;10.3;31833;54083;0
769;MEGHALAYA;23.1;7.2;7.2;124;6.9;4.5;348;552;0
770;MEGHALAYA;22.6;7.2;7.1;65;2.1;2.4;56;120;1
771;MEGHALAYA;20;7.5;7.3;64;1.9;3.3;21;42;1
772;MEGHALAYA;19.9;7.6;7.3;65;1.9;3.8;21;43;1
774;MIZORAM;24.4;7.2;7.3;275;1.5;0.1;4;68;1
777;TRIPURA;27.3;6.2;7.8;165;2.1;0;282;340;1
778;TRIPURA;29.1;6.4;7.8;158;4.1;0.5;458;500;0
779;TRIPURA;26.6;6.6;7.9;210;4.2;1.9;510;572;0
781;GUJARAT;27.1;7.3;7.9;693;0.5;1;161;173;1
1078;MAHARASHTRA;27;4.8;7.2;5429;8.4;2.08;177;408;0
782;GUJARAT;27.3;5;7.6;1676;1.8;8;329;174;1
784;GUJARAT;24.5;6;7.7;1863;8.6;1;47;1183;0
786;GUJARAT;27.5;5.3;7.8;817;2.8;1;9;23;1
788;GUJARAT;28.4;4.5;8.3;1287;1.5;11;116;5;1
790;GUJARAT;27.6;6.8;8.2;1862;2.5;0.87;7;64;1
793;GUJARAT;27;6.7;8.1;2520;7.2;1;6;41;0
796;GOA;30;5.6;7.5;41;2;0.08;7022;13410;0
797;GOA;30.4;5.5;6.7;209;0.8;0.17;1893;2915;1
798;GOA;30.8;5.5;7.1;123;1.5;0.09;3293;6264;0
799;GOA;30.3;5.3;7.3;182;1.5;0.08;1976;3080;1
800;GOA;30.1;6;7.6;100;1.2;0.17;5129;6086;0
801;GOA;29.9;5.7;6.9;111;1;0.14;939;3061;1
802;GOA;29.1;6.4;7.1;140;1.1;0.1;4464;7908;0
803;GOA;29.9;6.2;7.8;44;2;0.06;9429;9320;0
804;GOA;29.8;6.1;7.6;43;1.8;0.06;6668;9554;0
805;GOA;27.9;7;6.9;64;1.1;0.09;1641;2841;1
806;GOA;28.2;6.6;6.5;62;1;0.14;4073;7190;0
807;GOA;29.6;7;6.8;304;2;0.49;12140;23867;0
808;GOA;28.8;7;7;55;1.2;0.66;1298;2813;1
809;GOA;29.5;6.3;7.6;213;1.5;0.06;3803;7069;0
810;GOA;29.8;6.7;6.8;83;1.2;0.17;2140;3559;1
811;GOA;29.7;7.1;6.6;76;1;0.12;2367;3527;1
812;GOA;28.7;6.7;6.6;107;1.3;0.22;2461;3757;1
813;GOA;27.9;7.2;6.7;89;0.9;0.06;832;1996;1
814;GOA;29.3;4.2;6.7;192;2;0.16;4448;9286;0
815;GOA;28.6;6.3;6.6;79;1.6;0.19;2830;6054;0
816;GOA;29.8;5.6;7.7;142;1.7;0.14;1831;3644;1
817;GOA;28.6;2.8;6.4;424;3.2;0.35;12658;21036;0
818;GOA;30.6;5.2;7.1;306;2.6;0.34;1411;1525;1
819;GOA;30.3;5.6;7.7;40;1.5;0.07;4153;7130;0
820;GOA;30.4;5.5;7.7;40;1.5;0.08;7086;12282;0
821;GOA;29.6;6.9;6.7;63;0.9;0.21;691;1132;1
822;GOA;29.6;6.3;7.6;227;1.7;0.08;3622;3612;1
823;GOA;29.5;7.1;6.6;68;1.1;0.13;4124;8167;0
824;MAHARASHTRA;26.7;6.9;7.7;121;3.3;1;77;163;0
825;MAHARASHTRA;29.3;7.2;8.2;112;3.3;1;39;94;0
826;MAHARASHTRA;28;6.9;7.7;103;3.7;0.57;48;103;0
827;MAHARASHTRA;28.2;6.9;7.6;104;3.5;0.75;37;79;0
828;MAHARASHTRA;26.5;6.4;7.4;1003;4.3;2.89;524;753;0
829;MAHARASHTRA;20.7;6.3;8.3;408;2.7;1.58;64;157;1
830;MAHARASHTRA;27.2;6.7;7.8;105;3.6;1;43;89;0
831;MAHARASHTRA;27.5;6.3;7.6;209;4.4;1.86;48;98;0
832;MAHARASHTRA;26;5.9;7.6;13768;5;1.79;166;300;0
833;MAHARASHTRA;26.5;7.3;7.7;86;3.2;1;50;93;0
834;MAHARASHTRA;27;3.6;7.4;6487;30.5;1.5;534;745;0
835;MAHARASHTRA;27.3;6.3;8.3;999;3.3;1.78;4;112;0
836;MAHARASHTRA;28.7;7.2;7.7;125;3.3;1;39;89;0
837;MAHARASHTRA;28.4;7.1;7.5;127;3.4;4.4;17;63;0
838;MAHARASHTRA;28.7;7.1;7.4;5300;38;1;388;667;0
839;MAHARASHTRA;28.7;7.2;7.6;127;3.2;1;22;51;0
840;MAHARASHTRA;28.7;7;7.6;126;3.3;1;20;63;0
841;MAHARASHTRA;28.7;7.2;7.6;126;3.4;1.89;29;64;0
842;MAHARASHTRA;28.7;7.1;7.8;112;3.2;0.63;43;88;0
843;MAHARASHTRA;29.3;6.8;7.7;9590;3.6;4.57;3;124;0
844;MAHARASHTRA;28.3;6.8;7.4;174;3.7;2.26;4;124;0
845;MAHARASHTRA;28.7;6.8;7.6;2572;3.3;4.22;4;118;0
846;MAHARASHTRA;29.2;6.7;7.8;6030;4.4;4.78;4;138;0
847;MAHARASHTRA;28.7;6.8;7.7;7207;3.9;4.25;3;120;0
848;MAHARASHTRA;27.2;6.8;8.1;167;3.8;1;32;85;0
849;MAHARASHTRA;27.2;6.8;8;173;3.5;1;53;98;0
850;MAHARASHTRA;27.2;7;8;168;3.6;1;44;83;0
851;MAHARASHTRA;28;6.9;7.9;131;3.5;0.75;41;96;0
852;MAHARASHTRA;26.2;7;7.6;125;3.5;0.6;33;63;0
853;MAHARASHTRA;26.2;7.2;7.5;132;3.3;0.9;38;88;0
854;MAHARASHTRA;28.2;7.2;7.7;119;3.3;1;35;68;0
855;MAHARASHTRA;24.5;6.9;7.5;159;2.8;1;3;82;1
856;MAHARASHTRA;24.5;6.7;7.7;141;3.3;3;4;90;0
857;MAHARASHTRA;24.5;7.3;7.7;132;2.9;2;3;88;1
858;KERALA;24;6.4;7.3;76;1.7;0.62;199;788;1
859;KERALA;24.9;6;7.1;85;1.7;0.53;262;538;1
860;KERALA;24.3;6.3;7.1;69;1.3;0.57;248;593;1
861;KERALA;24.8;6.5;7.3;76;1.6;0.55;226;545;1
862;KERALA;26.4;6.7;6.6;60;1.2;0.34;228;435;1
863;KERALA;27;7;6.6;3544;1.5;0.37;208;435;1
864;KERALA;26.6;6.7;7.3;51;0.8;0.35;547;1567;1
865;KERALA;28.6;6.9;7.7;107;0.7;0.46;255;443;1
866;KERALA;28.8;6.7;7.9;173;0.9;0.56;191;426;1
867;KERALA;28;5.6;6.9;126;1.2;0.67;266;990;1
868;KERALA;27.4;7.3;7.4;70;0.8;0.31;2984;4208;1
869;KERALA;27.5;6.9;7.4;12754;0.8;0.29;1807;2557;1
870;KERALA;26.8;7.1;7.4;80;0.6;0.5;1921;2831;1
871;KERALA;30;7.2;6.9;62;1.3;0.11;33;150;1
872;KERALA;28.8;3.4;6.7;2965;2.3;1.11;271;1236;0
873;KERALA;27.4;6.1;7.2;15871;0.9;0.25;1667;2975;1
874;KERALA;24.8;6.4;7.2;120;1.9;0.77;258;618;1
875;KERALA;23.6;6.2;7.2;7448;2;1.01;184;483;1
876;KERALA;29.8;6.6;6.9;77;1.6;0.29;264;756;1
877;KERALA;30.2;6.8;7;72;1.7;0.2;249;785;1
878;KERALA;28.2;2.9;6.7;305;2.2;1.28;403;1623;0
879;KERALA;27.7;3;6.6;86;2;0.39;357;1319;0
880;KERALA;23.9;6.7;7.1;79;1.6;0.34;313;738;1
881;KERALA;27.4;3.6;7.3;32790;2.6;0.59;64259;112867;0
882;KERALA;27.8;6.1;7.8;2905;1.3;0.54;422;997;1
883;KERALA;26.4;6.9;7.4;112;0.5;0.35;50;67;1
884;KERALA;29.6;7;6.9;51;1.1;0.18;44;317;1
885;KERALA;27;3.1;7.2;1416;13.2;4.41;2992;19917;0
886;KERALA;26.3;7;7.1;30;0.5;0.32;211;496;1
887;KERALA;30;6.1;7;59;1.8;0.58;89;282;1
888;KERALA;28;6;6.4;61;2.1;0.28;87;300;1
889;KERALA;30.1;6.3;7;105;2.8;0.37;142;543;1
890;KERALA;27.9;6.9;8.1;502;0.9;0.72;382;615;1
891;KERALA;27;5.9;6.7;14662;1.5;0.52;144;377;1
892;KERALA;26;7.8;6.8;49;1.4;0.3;122;319;1
893;KERALA;27.7;7.1;7.4;380;1;0.14;1527;66382;0
894;KERALA;27.1;7.3;7.2;67;0.9;0.38;6490;3471;1
895;KERALA;26.5;6.2;7.2;51;0.8;0.23;331;942;1
896;KERALA;28.5;7.2;6.8;69;1.2;0.45;706;941;1
897;KERALA;28.7;6.9;6.7;75;2.5;0.4;526;701;1
898;KERALA;25.7;6.3;7.4;113;0.6;0.88;98;128;1
899;KERALA;29.3;7.6;6.8;79;1.6;0.31;48;109;1
900;KERALA;27;7;7.2;57;0.6;0.46;2117;3558;1
901;KERALA;30.9;5.9;7;22576;1.5;0.35;42;253;1
902;KERALA;27.1;6.8;7.2;105;0.6;0.39;1200;2392;1
903;KERALA;30.3;6.3;6.7;2315;1.3;0.17;55;278;1
904;KERALA;30.4;6.4;6.9;18569;1;0.27;40;277;1
905;KERALA;26.2;6.6;7.3;45;0.6;0.39;228;940;1
906;KERALA;26.2;6.9;7.2;42;0.5;0.18;151;774;1
907;KERALA;25.1;6;7.3;92;1.7;0.56;256;597;1
908;KERALA;27.4;6.1;7.2;59;0.7;1.04;181;311;1
909;KERALA;28.1;4.5;6.9;1190;0.7;1.17;218;388;1
910;KERALA;28.3;4.2;7;69;0.6;1.04;240;420;1
911;KERALA;28.2;6;7;5569;2.2;0.68;473;1894;1
912;KERALA;27.2;7.3;7;34;1;0.27;234;927;1
913;KERALA;27.4;6.3;7;44;1.6;0.32;487;1876;1
914;KERALA;28.2;6.4;7.2;49;1.4;0.23;362;1357;1
915;KERALA;27.9;5.9;7;3272;2.2;0.62;330;1284;1
916;KERALA;27.3;4.6;7;65;1.7;0.28;631;1937;1
917;KERALA;28.2;6.5;6.9;4650;2;1;340;1573;1
918;KERALA;28.2;6.5;7;42;1.4;1;249;1221;1
919;KERALA;26.7;6.4;6.4;45;1.2;1;142;376;1
920;KERALA;28;6;6.1;56;1.2;0;136;438;1
921;KERALA;29.7;5.3;6.8;99;2.8;0.79;106;523;1
922;KERALA;28.2;3.6;6.5;22131;1.8;0.95;105;261;0
923;KERALA;28.9;6.9;6.7;66;1.8;0;93;205;1
924;KERALA;26.4;6;6.6;67;1.5;3.69;168;398;1
925;KERALA;30;4.9;6.8;9107;1.6;1;208;614;1
926;KERALA;30.8;6.3;7;18931;1.4;1;34;201;1
927;KERALA;27.8;6.6;6.8;15525;1.1;0.06;149;347;1
928;KERALA;26.7;7.1;7.5;46;0.8;1;239;1097;1
929;ANDHRA PRADESH;27;6;7.3;432;1.2;3;3;78;1
930;ANDHRA PRADESH;26.8;6.1;7.7;328;1.2;1;3;211;1
931;ANDHRA PRADESH;19;5.8;7.8;707;0.6;0.85;2;1100;1
932;ANDHRA PRADESH;21.4;6.1;8;674;0.9;1;2;1260;1
933;KARNaNTAKA;27.1;7.3;7.3;164;2.3;1;115;336;1
934;KARNaNTAKA;26.3;7.6;7.4;122;2.4;1;223;834;1
935;KARNaNTAKA;28.3;6.5;7.1;95;1;0;156;212;1
936;KARNaNTAKA;27.9;6.5;7.1;56;1;0;30;79;1
937;ORISSA;23.4;7.5;7.8;237;1.4;0.89;8281;18918;0
938;ORISSA;23.5;7.6;7.6;3688;2.3;2.66;19264;32918;0
939;ORISSA;22.4;7.3;7.5;82;1.2;1.58;15816;17512;0
940;ORISSA;26.8;7.5;8;202;1.4;1.89;11771;23191;0
941;ORISSA;26.5;7.3;7.9;232;2.9;2.23;9026;30836;0
942;ORISSA;22;7.4;7.9;246;2.3;1.9;1850;3900;1
943;ORISSA;27.6;6.9;8.1;3960;2;2.26;19058;22523;0
944;ORISSA;26.8;7;8;28222;1.8;2.54;16613;10469;0
945;ORISSA;25.6;7.2;7.8;201;1.3;1.59;29937;31034;0
946;ORISSA;26.5;7.3;8;221;1.2;2.26;16103;5289;0
952;TAMILNaNDU;27.8;6.7;7.5;1088;1.7;0;194;474;1
953;TAMILNaNDU;23.4;7.2;6.5;73;3.1;0;19;59;0
954;TAMILNaNDU;25.4;6.7;6.3;98;3.3;1.5;21;74;0
955;TAMILNaNDU;26.3;6.3;6.5;143;4;4;38;124;0
956;TAMILNaNDU;29;6.6;6.9;260;5.4;1;17;53;0
957;TAMILNaNDU;24.6;7.1;6.3;71;3.5;1;24;82;0
958;TAMILNaNDU;23.5;6.9;6.3;65;3.5;0;17;52;0
959;TAMILNaNDU;29;7.3;7.1;607;3.6;0.88;33;104;0
960;TAMILNaNDU;27;6.1;7;446;5.2;0.56;26;77;0
961;TAMILNaNDU;24;6.9;6.4;94;3.2;1.59;20;65;0
962;TAMILNaNDU;28.7;6.8;6.8;451;9.4;0.55;22;58;0
963;TAMILNaNDU;26.3;6;6.6;169;3.9;2;22;84;0
964;TAMILNaNDU;25.7;6.5;6.7;187;3.3;3;32;113;0
965;TAMILNaNDU;26.8;3.4;7.8;2577;164.9;1.5;148825783;160405392;0
966;PUNJAB;23.3;5.5;7.2;636;9.7;4;1328;4975;0
967;PUNJAB;22.8;4.7;7.3;1088;23.8;4;28250;56000;0
968;PUNJAB;23.3;5.3;7.2;689;11.3;4;1350;6025;0
969;PUNJAB;21.8;4.9;7.3;1267;23.5;3;24750;54250;0
970;PUNJAB;24.3;5.3;7.4;852;13;4;13775;26750;0
971;PUNJAB;23.5;4.9;7.5;977;16.5;5;12375;30500;0
972;PUNJAB;24;4.4;7.4;1256;24.8;6;25250;55250;0
973;PUNJAB;23.5;4.8;7.2;1021;20.3;4;22875;43700;0
974;PUNJAB;23.3;5.1;7.3;971;14.8;5;2125;8425;0
975;PUNJAB;22.5;4.6;7.4;1284;24.3;4;21500;50000;0
976;PUNJAB;26;4;7.4;1096;26;3;31750;57500;0
977;PUNJAB;25.8;4.4;7.3;1002;21.5;4;21000;43750;0
982;RAJASTHAN;30.7;4.8;7.6;295;0.8;0;4;9;1
983;HIMACHAL PRADESH;20.3;7.1;7.5;293;1.3;0;9;19;1
984;HIMACHAL PRADESH;20.7;7.1;7.5;316;1.4;0;13;22;1
985;HIMACHAL PRADESH;20.8;6.6;7.5;274;1.6;0;14;24;1
986;HIMACHAL PRADESH;20.6;4.9;7.4;407;16.3;0;51;120;0
987;RAJASTHAN;28;4.9;8.3;603;1;0;4;5;1
988;RAJASTHAN;23.4;5.5;7.4;138;0.8;0;4;6;1
989;RAJASTHAN;25.3;5.5;8.1;625;1.1;0;4;6;1
990;RAJASTHAN;31.1;5;7.3;305;1.7;0;4;12;1
991;RAJASTHAN;26.3;5.6;8.1;552;1.1;0;4;6;1
992;MADHYA PRADESH;22;7.3;7.3;402;2.1;0;4;32;1
993;MEGHALAYA;24.4;7.2;7.3;99;2.2;1;26;57;1
994;MEGHALAYA;23.7;7.2;7.4;102;2.2;1;25;56;1
995;MEGHALAYA;24.6;7.6;7.2;72;1.8;2.56;24;57;1
996;MEGHALAYA;23.1;7.1;7.5;131;2.2;3.2;239;413;1
997;MEGHALAYA;21.7;5.2;2.9;682;7.8;1.5;16;30;0
998;MEGHALAYA;18.2;7.3;7.1;47;1.3;2;15;48;1
999;MEGHALAYA;18.8;7.6;7.2;52;1.2;2;16;36;1
1000;MEGHALAYA;23.8;8;6.9;64;1.8;3.38;23;49;1
1001;MEGHALAYA;17.8;7.9;7.3;46;1.4;1;12;29;1
1002;MEGHALAYA;18.7;7.4;7.2;53;1.9;3;14;32;1
1003;MEGHALAYA;18.8;7.7;7.2;55;1.6;3;15;63;1
1004;MEGHALAYA;21.3;6.8;2.7;1074;3.2;2.33;4;11;0
1005;MEGHALAYA;22.6;7.1;6.5;237;3.8;4.56;674;1072;0
1006;MEGHALAYA;25.2;7.8;7.2;50;1.6;1.77;20;41;1
1007;MEGHALAYA;24.8;7.3;7.3;71;2;2.66;21;47;1
1008;MEGHALAYA;19.9;7.3;7;91;1.8;3.3;20;45;1
1009;MEGHALAYA;20.7;7.4;7.1;49;1.7;2.44;19;42;1
1010;MEGHALAYA;20.6;6.5;7.1;99;2.7;3.56;1967;2722;1
1011;MEGHALAYA;21.5;7.5;5.7;50;1.5;2.21;10;23;0
1012;MEGHALAYA;17.7;5.8;6.9;68;3.1;4.9;197;463;0
1013;MEGHALAYA;17.9;6.9;7.2;44;1.4;2.66;14;33;1
1014;MEGHALAYA;23.9;7.8;7.3;93;1.9;2.99;264;444;1
1015;MEGHALAYA;18;6.6;7;66;2.3;4;29;63;1
1016;MEGHALAYA;18.4;7.6;7.1;53;1.7;3;23;53;1
1017;MEGHALAYA;18.8;7.8;7;47;1.4;2;8;35;1
1018;MEGHALAYA;24.8;7.7;7.4;128;1.6;3.32;25;56;1
1019;MEGHALAYA;19.3;7.1;7;54;1.8;2.58;20;43;1
1020;MEGHALAYA;20.6;7.4;7;69;1.6;3.3;17;87;1
1021;MEGHALAYA;20.7;7.5;7.2;58;1.6;2.25;21;46;1
1022;MEGHALAYA;18.4;3.1;7.2;401;21.8;19;22556;31444;0
1023;MEGHALAYA;19.1;4.7;7.2;202;13.6;15;13444;20056;0
1024;MEGHALAYA;19.7;2.1;7.2;303;37.2;18.2;39444;62333;0
1025;MEGHALAYA;20.1;1.8;7.2;394;40.6;15.4;57222;96944;0
1026;MEGHALAYA;17.6;7.2;6.9;55;1.7;3.04;26;56;1
1027;MEGHALAYA;22.7;7.9;7.1;55;1.2;3.55;23;50;1
1028;MEGHALAYA;17.9;6.9;6.9;52;2.2;3.48;1576;45;1
1029;MEGHALAYA;18.9;1.9;7;306;34.2;17.9;48278;85667;0
1030;MEGHALAYA;19.4;4.5;7.1;196;15.5;11;48611;43333;0
1031;MEGHALAYA;23.7;7.2;7.1;107;6.7;5.56;303;476;0
1032;MEGHALAYA;22.7;7.5;7;82;2.1;3.02;45;122;1
1037;TRIPURA;27.4;6.6;7.7;165;1.7;0;280;325;1
1038;TRIPURA;21.9;6.7;7.8;167;4.8;1;440;520;0
1039;TRIPURA;27.5;6.6;7.7;183;3.7;1.55;415;575;0
1041;GUJARAT;28;7.2;7.4;319;0.7;0.18;5;10;1
1042;GUJARAT;27;6.2;8.4;894;9;0.38;140;350;0
1043;GUJARAT;30;2.2;8;1835;17.9;0.86;10478;25478;0
1044;GUJARAT;31;2;7.7;3165;32.3;3.44;11498;15173;0
1045;GUJARAT;29;2.4;7.6;1500;6.2;1.31;3;13;0
1047;GOA;30;6.1;6.8;408;1.3;0.17;1300;3808;1
1048;GOA;30;5.5;6.9;143;1.3;0.09;4100;11113;0
1049;GOA;29;5.4;7.2;60;1.5;0.08;428;2309;1
1050;GOA;29;5.8;7.2;34;5.3;0.17;855;3322;0
1051;GOA;29;5.9;6.7;125;1.5;0.14;1638;5793;0
1052;GOA;28;6.4;6.7;175;1.3;0.1;772;3636;1
1053;GOA;30;6.2;7.7;39;1.3;0.06;1296;4517;1
1054;GOA;30;6.1;7.8;39;1.5;0.06;1032;5840;0
1055;GOA;27;7.3;6.9;61;0.7;0.09;1430;4388;1
1056;GOA;28;6.8;6.6;71;1.5;0.14;2495;3949;1
1057;GOA;29;7.4;6.5;129;2.3;0.49;5868;16691;0
1058;GOA;28;7;6.8;503;1.6;0.66;965;2404;1
1059;GOA;29;6.3;7.5;31;1.6;0.06;1466;4267;1
1060;GOA;29;7.1;6.8;70;0.8;0.17;716;3567;1
1061;GOA;30;7.3;6.8;69;1.2;0.12;457;2446;1
1062;GOA;28;6.7;6.6;118;1;0.22;1104;3496;1
1063;GOA;28;7.4;6.8;80;1.3;0.06;274;1404;1
1064;GOA;29;4.5;6.6;250;2.4;0.16;1572;5889;0
1065;GOA;28;6.1;6.9;74;1.8;0.19;1074;3937;1
1066;GOA;30;5.9;7.3;44;1.6;0.14;962;2794;1
1067;GOA;30;2.4;6.5;195;4.8;0.35;7980;14217;0
1068;GOA;31;4;6.8;207;1.8;0.34;818;2280;1
1069;GOA;29;5.4;7.6;40;1.6;0.07;290;1330;1
1070;GOA;30;5.3;7.6;41;1.4;0.08;952;2517;1
1071;GOA;29;7;6.9;54;0.8;0.21;667;3059;1
1072;GOA;29;5.9;7.7;44;2.1;0.08;1200;831;1
1073;GOA;29;7.1;6.5;60;1.7;0.13;2926;8163;0
1074;MAHARASHTRA;29;6.9;7.7;99;3.3;0.56;53;123;0
1075;MAHARASHTRA;30;6.6;7.9;123;3.2;0.52;44;104;0
1076;MAHARASHTRA;27;6.6;7.7;220;3.6;0.65;25;77;0
1077;MAHARASHTRA;27;6.8;7.7;219;3.4;0.63;23;75;0
1079;MAHARASHTRA;23;6.4;8;493;4.2;3.91;17;68;0
1080;MAHARASHTRA;29;6.8;7.6;100;3;0.54;124;295;0
1081;MAHARASHTRA;29;6.7;7.5;316;4.6;0.6;47;132;0
1082;MAHARASHTRA;28;5.8;7.9;37227;9.5;1.42;231;451;0
1083;MAHARASHTRA;29;6.9;7.7;84;3.1;0.42;69;168;0
1084;MAHARASHTRA;25;4.9;7.6;21254;55.5;2.18;560;964;0
1085;MAHARASHTRA;28;6.9;7.9;312;2.7;1.58;4;107;1
1086;MAHARASHTRA;29;6.8;7.5;146;3;0.6;124;241;0
1087;MAHARASHTRA;29;6.7;7.3;127;2.9;0.59;100;209;1
1088;MAHARASHTRA;29;5.6;6.9;432;4.5;1.72;58;173;0
1089;MAHARASHTRA;29;6.5;7.3;126;3;0.59;132;284;0
1090;MAHARASHTRA;30;7.1;7.5;128;3;0.6;136;297;0
1091;MAHARASHTRA;30;6.4;7.3;129;3.1;0.6;68;191;0
1092;MAHARASHTRA;29;6.9;7.7;129;2.9;0.55;135;268;1
1093;MAHARASHTRA;25;7;7.9;153;2.9;0.55;30;86;1
1094;MAHARASHTRA;30;6.4;7.6;10165;3.7;2.14;5;139;0
1095;MAHARASHTRA;30;6.9;7.7;307;2.8;3.6;4;123;1
1096;MAHARASHTRA;31;6.3;7.7;322;3.5;1.1;4;116;0
1097;MAHARASHTRA;30;6.5;7.5;5835;3.4;1.72;4;126;0
1098;MAHARASHTRA;30;6.3;7.4;9245;4.7;2;4;134;0
1099;MAHARASHTRA;28;6.5;8.1;1907;4;0.55;46;115;0
1100;MAHARASHTRA;28;7;8;1896;3.5;0.64;190;245;0
1101;MAHARASHTRA;28;7;8;206;2.9;0.56;31;74;1
1102;MAHARASHTRA;27;6.8;7.8;239;3.3;0.56;33;77;0
1103;MAHARASHTRA;27;6.4;7.6;152;3.2;0.96;62;142;0
1104;MAHARASHTRA;26;6.7;7.7;146;3;0.89;30;73;0
1105;MAHARASHTRA;27;6.7;7.6;137;2.9;0.76;24;64;1
1106;MAHARASHTRA;28;6.6;7.8;228;3.5;0.57;30;79;0
1107;MAHARASHTRA;23;7;7.7;409;2.4;0.93;4;112;1
1108;MAHARASHTRA;22;6.8;7.6;263;2.9;0.81;4;123;1
1109;MAHARASHTRA;23;6.9;7.5;338;2.3;3.93;4;108;1
1110;KERALA;26;7;7.2;79;0.8;0.62;279;637;1
1111;KERALA;26;6.6;7;67;1.1;0.53;275;670;1
1112;KERALA;26;6.6;7.3;59;0.7;0.57;281;541;1
1113;KERALA;26;6.2;7.3;66;0.8;0.55;303;609;1
1114;KERALA;26;7.1;7;67;1;0.34;170;538;1
1115;KERALA;26;7;6.7;5341;1.1;0.37;158;528;1
1116;KERALA;29;6.7;7.3;89;1.1;0.35;1163;2025;1
1117;KERALA;28;6.2;7.3;136;1;0.46;296;676;1
1118;KERALA;28;7.1;8.1;212;0.9;0.56;524;992;1
1119;KERALA;29;6.3;6.3;134;1.2;0.67;224;780;1
1120;KERALA;26;7.3;7.2;76;0.6;0.31;468;893;1
1121;KERALA;26;7;7.3;11041;0.9;0.29;256;503;1
1122;KERALA;28;6.8;7.1;75;0.8;0.5;693;1169;1
1123;KERALA;29;7.4;7.2;61;0.7;0.11;54;255;1
1124;KERALA;28;1.7;6.6;769;3.4;1.11;556;1717;0
1125;KERALA;26;6.1;7.5;14083;1.4;0.25;920;2686;1
1126;KERALA;26;6.6;7.2;92;0.8;0.77;332;660;1
1127;KERALA;25;6.6;7.2;1348;0.8;1.01;392;810;1
1128;KERALA;29;6;6.7;95;1.2;0.29;253;680;1
1129;KERALA;29;6.6;6.8;78;1;0.2;275;626;1
1130;KERALA;28;0.6;6.7;268;4.1;1.28;400;1308;0
1131;KERALA;27;1.8;6.6;82;2;0.39;399;1410;0
1132;KERALA;25;7.1;7.2;61;1;0.34;251;608;1
1133;KERALA;26;3.9;7.6;30298;2.5;0.59;4830;7240;0
1134;KERALA;27;6.6;8;310;1.1;0.54;517;783;1
1135;KERALA;27;7;7.1;97;0.8;0.35;45;77;1
1136;KERALA;29;7.3;7;51;0.7;0.18;65;258;1
1137;KERALA;29;0.5;7.1;1717;21.2;4.41;3317;15833;0
1138;KERALA;29;7;7.4;55;0.9;0.32;800;1400;1
1139;KERALA;29;6.1;6.8;67;1.1;0.58;80;394;1
1140;KERALA;27;7;6.7;61;1.3;0.28;168;248;1
1141;KERALA;30;5.2;6.9;81;1.5;0.37;71;465;1
1142;KERALA;27;6.1;8;510;1.1;0.72;784;1572;1
1143;KERALA;27;6.5;6.9;12150;1.8;0.52;711;1481;1
1144;KERALA;25;7.9;7.2;50;1.1;0.3;319;845;1
1145;KERALA;25;7.5;6.9;34;0.9;0.14;110;256;1
1146;KERALA;26;7;7.4;72;1;0.38;496;897;1
1147;KERALA;29;7.3;7.3;99;0.9;0.23;1088;1788;1
1148;KERALA;27;7.5;6.9;125;1.6;0.45;970;1400;1
1149;KERALA;27;6.8;6.9;116;1.7;0.4;825;1260;1
1150;KERALA;27;5.8;7.3;107;0.9;0.88;232;343;1
1151;KERALA;28;7.1;7.2;85;0.8;0.31;67;184;1
1152;KERALA;26;6.8;7.1;58;0.7;0.46;2010;3460;1
1153;KERALA;29;5.7;7.3;13197;1.5;0.35;46;144;1
1154;KERALA;27;6.7;7.1;58;1.2;0.39;964;1739;1
1155;KERALA;28;7;6.9;3453;0.9;0.17;56;278;1
1156;KERALA;29;6.5;7;14369;1.3;0.27;63;175;1
1157;KERALA;28;6.6;7.3;70;1.4;0.39;838;1875;1
1158;KERALA;29;7;7.3;60;0.8;0.18;631;1813;1
1159;KERALA;26;6.3;7.2;97;0.8;0.56;357;880;1
1160;KERALA;28;6;7;63;1.1;1.04;243;493;1
1161;KERALA;28;4.4;7.1;113;1.5;1.17;358;722;1
1162;KERALA;28;4.5;7.2;79;1;1.04;279;537;1
1163;KERALA;28;5.1;6.9;1789;2.1;0.68;408;1946;1
1164;KERALA;27;7.5;7.2;36;1.1;0.27;282;1134;1
1165;KERALA;28;6.8;7;59;1.3;0.32;648;2267;1
1166;KERALA;28;6.8;6.9;114;1.4;0.23;388;1785;1
1167;KERALA;28;5.9;6.8;1108;2.2;0.62;386;1520;1
1168;KERALA;28;4.9;6.7;88;2.2;0.28;480;2200;1
1169;KERALA;28;6.8;6.9;1686;1.4;0.25;236;1223;1
1170;KERALA;28;7.1;6.9;45;1.2;0.29;451;1636;1
1171;KERALA;26;6.9;6.6;56;1.1;0.3;177;542;1
1172;KERALA;28;6.5;6.3;49;1;0.22;87;323;1
1173;KERALA;29;4.9;6.6;169;2.1;0.76;250;1241;1
1174;KERALA;28;4.2;6.5;19575;1.4;0.39;210;528;1
1175;KERALA;28;6.9;7.1;63;0.9;0.16;152;336;1
1176;KERALA;26;6.6;6.7;69;0.8;0.38;185;464;1
1177;KERALA;29;4.5;6.6;6381;2.1;0.34;196;435;1
1178;KERALA;29;6.2;7.2;9326;1.3;0.22;61;141;1
1179;KERALA;27;6.6;7.1;15158;1.1;0.26;126;810;1
1180;KERALA;29;6.3;7.3;74;1.2;0.29;725;1813;1
1181;ANDHRA PRADESH;27;6;7.6;429;1.1;1.1;3;362;1
1182;ANDHRA PRADESH;27;6;7.8;308;1.1;1.47;3;343;1
1183;ANDHRA PRADESH;20;5.8;7.4;505;0.6;0.73;4;1517;1
1184;ANDHRA PRADESH;24;6.1;7.5;465;0.5;0.34;4;1458;1
1185;KARNaNTAKA;28;6.4;7.1;183;2.3;0.62;209;398;1
1186;KARNaNTAKA;27;7.1;7.4;135;1.9;0.72;419;995;1
1189;ORISSA;22;7.8;7.9;213;1.5;0.35;7742;15083;0
1190;ORISSA;22;7.7;8.1;312;2;0.75;12675;32017;0
1191;ORISSA;24;6.9;7.6;99;1.6;1.39;3066;5395;0
1192;ORISSA;27;7.3;8;230;1.6;0.69;2346;4348;1
1193;ORISSA;26;6.8;8.1;264;2.6;1.16;2428;5142;0
1194;ORISSA;25;7.2;8.1;272;3.1;1.46;2196;4586;0
1195;ORISSA;28;8;8.3;312;1.4;0.73;1618;4319;1
1196;ORISSA;29;8.2;8;19595;2;0.94;624;1116;1
1197;ORISSA;26;7;8;199;1.8;1.11;1503;3573;1
1198;ORISSA;28;7.2;8.1;201;1.6;0.36;1239;2324;1
1204;TAMILNaNDU;27;6.8;7.5;890;2.1;0.51;274;589;1
1205;TAMILNaNDU;23;7.3;7.6;160;1.9;0.06;32;89;1
1206;TAMILNaNDU;25;7;7.7;111;2.2;0.08;53;131;1
1207;TAMILNaNDU;26;6.7;7.7;139;3.1;0.22;123;300;0
1208;TAMILNaNDU;29;7.2;7.2;288;2.1;0.14;33;91;1
1209;TAMILNaNDU;24;7;7.1;95;1.9;0.08;47;118;1
1210;TAMILNaNDU;24;7;7.5;84;1.7;0.06;32;87;1
1211;TAMILNaNDU;29;7.4;7;3101;15.6;0.15;76;174;0
1212;TAMILNaNDU;29;7.2;7.3;510;2.9;0.08;46;123;1
1213;TAMILNaNDU;24;7.1;7.4;88;1.8;0.07;34;90;1
1214;TAMILNaNDU;29;7.2;6.9;338;3.8;0.07;44;104;0
1215;TAMILNaNDU;26;6.7;7.6;162;3.3;0.16;90;249;0
1216;TAMILNaNDU;27;6.7;7.6;182;4.1;0.15;92;251;0
1217;TAMILNaNDU;32;0.2;7.2;2219;185.8;1.75;180000000;300000000;0
1219;PUNJAB;21;5.5;7.4;635;8.8;5.08;1400;5500;0
1220;PUNJAB;24;5.5;7.4;1051;25;6.8;32000;63000;0
1221;PUNJAB;21;5.3;7.3;636;9.9;5;2150;10000;0
1222;PUNJAB;24;5.1;7.4;993;21.9;6.63;36250;57750;0
1223;PUNJAB;21;5.3;7.5;632;13.5;5.08;20000;34750;0
1224;PUNJAB;18;4.9;7.4;973;17.5;4.77;22000;40667;0
1225;PUNJAB;22;4.3;7.5;1156;24.5;7.65;33750;65000;0
1226;PUNJAB;22;4.8;7.4;904;26;8.6;31750;55000;0
1227;PUNJAB;21;5.1;7.4;1110;16;14.85;3475;12000;0
1228;PUNJAB;24;5.3;7.4;1290;26.9;8.1;36250;66250;0
1229;PUNJAB;22;4.9;7.4;990;27.8;6.78;19000;40500;0
1230;PUNJAB;22;5.2;7.4;914;20.5;6.18;14750;29500;0
1234;RAJASTHAN;33;4.8;7.5;280;2.4;0.72;3;4;1
1235;HIMACHAL PRADESH;20;7.7;7.4;344;1.2;0.37;9;19;1
1236;HIMACHAL PRADESH;20;7.3;7;310;1.4;0.38;13;22;1
1237;HIMACHAL PRADESH;20;7.1;7.7;303;1.5;0.34;13;23;1
1239;HIMACHAL PRADESH;18;6.2;7.5;788;41.5;4.08;105;235;0
1240;RAJASTHAN;24;6;8.3;468;1.4;0.43;5;16;1
1241;RAJASTHAN;19;5.9;7.3;234;1.5;0.36;4;12;1
1242;RAJASTHAN;23;6.4;8;527;1.2;0.35;5;21;1
1243;RAJASTHAN;24;5.9;7.9;796;1.5;0.48;4;14;1
1285;MEGHALAYA;25;7.7;7.2;95;1.8;2.67;22;50;1
1286;MEGHALAYA;25;7.6;7.2;92;2.5;2.41;20;45;1
1287;MEGHALAYA;25;9.9;7.2;65;1.5;2.31;21;55;1
1288;MEGHALAYA;24;7.6;7.4;93;2.1;2.89;276;408;1
1289;MEGHALAYA;22;5.5;2.9;568;6.8;1.12;18;33;0
1290;MEGHALAYA;16;7.6;7;42;1.3;3.01;11;27;1
1291;MEGHALAYA;17;7.7;7.1;45;1.4;2.89;9;22;1
1292;MEGHALAYA;23;8.3;7;59;1.7;2.86;16;33;1
1293;MEGHALAYA;25;6.9;2.6;1072;3.2;1.17;3;21;0
1294;MEGHALAYA;25;7.7;6.3;250;2.1;3.88;180;326;1
1295;MEGHALAYA;25;8.8;7.3;37;1.5;1.62;15;35;1
1296;MEGHALAYA;25;7.3;7.3;72;2;1.65;17;36;1
1297;MEGHALAYA;20;7.5;7;38;1.7;2.2;18;40;1
1417;KERALA;26;5.6;7;12769;1.2;0.41;725;1650;1
1298;MEGHALAYA;22;7.8;7.1;44;1.6;2.62;15;33;1
1299;MEGHALAYA;20;7;7;100;2.4;3.03;1967;2600;1
1300;MEGHALAYA;21;7.5;6.3;52;1.7;0.82;7;21;1
1301;MEGHALAYA;16;6.4;6.9;61;2.6;3.88;227;538;1
1302;MEGHALAYA;17;7.5;7.1;39;1.4;2.88;12;22;1
1303;MEGHALAYA;17;8;7.1;41;1.4;3.35;10;25;1
1304;MEGHALAYA;24;7.9;7.3;93;1.7;5.02;295;418;1
1305;MEGHALAYA;18;7.5;6.9;69;1.9;4.92;20;49;1
1306;MEGHALAYA;18;7.9;7.2;46;1.7;2.72;20;45;1
1307;MEGHALAYA;18;8;7.2;42;1.4;2.47;5;31;1
1308;MEGHALAYA;25;7.7;7.1;101;1.5;3.42;16;43;1
1309;MEGHALAYA;19;7.2;7.1;49;1.6;2.86;17;40;1
1310;MEGHALAYA;21;8.2;7.1;49;1.2;2.81;15;32;1
1311;MEGHALAYA;21;7.8;7.1;58;1.5;2.97;19;43;1
1312;MEGHALAYA;18;3.9;7.1;235;16.9;16.61;16500;23000;0
1313;MEGHALAYA;18;4.9;7.1;182;14.2;11.61;10417;15500;0
1314;MEGHALAYA;19;2.7;7.1;281;35.4;14.84;41000;62667;0
1315;MEGHALAYA;19;2.5;7.1;382;37.2;11.81;53083;87167;0
1316;MEGHALAYA;18;8;7;48;1.4;3.8;17;41;1
1317;MEGHALAYA;24;8.4;7.1;48;1.2;3.08;18;45;1
1318;MEGHALAYA;17;6.8;6.6;49;1.9;3.07;18;38;1
1319;MEGHALAYA;18;2.1;7;286;45.6;10.61;51250;84500;0
1320;MEGHALAYA;19;4;7.1;194;22.4;10.47;29500;45250;0
1321;MEGHALAYA;24;7.7;7.2;107;6.6;3.02;285;425;0
1322;MEGHALAYA;22;7.6;7.1;51;2;2.6;37;81;1
1323;MEGHALAYA;20;7.7;7.1;46;1.6;3.93;8;22;1
1324;MEGHALAYA;20;7.7;7.1;49;1.9;3.89;11;26;1
1325;MIZORAM;24;6.5;7.4;297;1;0.13;26;438;1
1326;MIZORAM;24;6.3;7.5;287;0.9;0.14;5;204;1
1327;MIZORAM;24;6.5;7.2;375;1.1;0.17;33;625;1
1328;MIZORAM;24;6.9;6.9;349;1.1;0.18;38;503;1
1330;TRIPURA;28;6.4;8;155;3.9;0.5;512;516;0
1331;TRIPURA;27;6.5;8;168;4.2;0.99;488;616;0
1334;DAMAN, DIU, DADRA NaNGAR HAVELI;28.1;4.6;8;23576;158.8;6.88;35;46;0
1341;GUJARAT;27.6;7.1;7.3;212;1.4;0.84;3;6;1
1342;GUJARAT;28.2;5;8.3;12771;4.1;1.48;7;30;0
1343;GUJARAT;28;6.7;8;304;1.5;0.18;1500;3550;1
1344;GUJARAT;28.5;5.8;7.7;1315;2.5;0.22;1900;6800;0
1345;GUJARAT;29.5;5.9;7.6;36593;3.9;0.07;1200;3200;0
1346;GUJARAT;27;7.6;7.7;1291;10;0.34;23;77;0
1347;GUJARAT;29.5;6;7.7;18865;3.6;3.12;900;2450;0
1348;GUJARAT;27;4.3;8.4;605;6.5;1.68;5;15;0
1349;GUJARAT;26.7;3.7;8.2;600;4.3;1.66;6;20;0
1350;GUJARAT;27;4.6;7.2;729;4;0.33;900;2300;0
1352;GOA;28.7;6.8;6.5;43;1.1;0.42;8;178;1
1353;GOA;29.3;6.6;7;59;1.1;0.27;8;113;1
1354;GOA;28.8;6;6.2;106;1.5;0.28;9;166;1
1355;GOA;28.3;5.9;6.6;516;1.1;0.18;8;169;1
1356;GOA;25.8;7.3;6.1;87;0.9;0.33;6;169;1
1357;GOA;28.3;7.3;5.9;74;1.5;0.22;8;163;0
1358;GOA;27.8;6.7;6.3;127;2;0.44;10;149;1
1359;GOA;26;6.8;6.2;226;1.6;0.18;9;151;1
1360;GOA;27.8;7.1;5.9;93;1.8;0.28;9;131;0
1361;GOA;26.3;7.4;6.2;76;1.3;0.41;11;133;1
1362;GOA;25.7;7.3;6.2;113;1.2;0.33;9;137;1
1363;GOA;29;7.3;5.9;100;1.3;0.27;6;173;0
1364;GOA;26.9;6;5.9;273;1.8;0.31;10;171;0
1365;GOA;27;6.1;6.5;201;2;0.43;9;149;1
1366;GOA;27.5;6.2;6.3;245;1.8;0.31;7;135;1
1367;GOA;28.3;7;6.5;75;0.9;0.22;7;166;1
1368;GOA;29;7.3;6;74;1.6;0.11;8;181;0
1369;MAHARASHTRA;28.2;7.1;7.9;108;3.3;0.42;65;137;0
1371;MAHARASHTRA;27.4;7;8;129;3.5;0.49;40;105;0
1372;MAHARASHTRA;27.3;7;8;130;3.3;0.46;33;93;0
1373;MAHARASHTRA;28.5;5.7;7.4;2323;6.3;1.47;400;541;0
1374;MAHARASHTRA;28.4;5.9;7.6;462;4.9;2.47;23;63;0
1375;MAHARASHTRA;28.4;7;7.7;107;3.8;0.4;131;285;0
1376;MAHARASHTRA;28.9;6.2;7.4;299;5.1;0.95;209;401;0
1377;MAHARASHTRA;28.2;5.9;7.8;33259;6.8;1.61;114;228;0
1378;MAHARASHTRA;28.9;7.2;7.9;77;3.2;0.42;164;282;0
1379;MAHARASHTRA;27;3.2;7.4;28018;46;1.67;908;1164;0
1380;MAHARASHTRA;27.9;6.8;7.8;350;2.6;1.99;2;72;1
1381;MAHARASHTRA;26.8;6.9;7.5;133;3.2;0.55;252;409;0
1382;MAHARASHTRA;27.2;6.9;7.5;143;3.4;0.54;149;307;0
1383;MAHARASHTRA;26.8;6.1;6.9;609;4.2;3.1;65;135;0
1384;MAHARASHTRA;26.9;6.8;7.4;129;3.2;0.86;51;133;0
1385;MAHARASHTRA;26.8;6.7;7.4;130;3.2;0.75;45;124;0
1386;MAHARASHTRA;26.9;6.6;7.4;130;5;0.74;67;158;0
1387;MAHARASHTRA;26.9;6.7;7.5;120;3.6;0.73;85;226;0
1388;MAHARASHTRA;26.2;7.1;7.9;139;3.2;0.45;74;147;0
1389;MAHARASHTRA;27.4;6;7.4;13925;59.1;3.08;4;116;0
1390;MAHARASHTRA;26.4;6.7;7.7;274;2.3;2.04;5;88;1
1391;MAHARASHTRA;26.7;6.3;7.9;326;2.5;2.32;2;71;1
1392;MAHARASHTRA;27.3;6.3;7.9;7392;2.4;6.41;4;71;1
1393;MAHARASHTRA;27.4;6.3;7.7;12051;4.4;5.37;4;102;0
1394;MAHARASHTRA;27.6;7;8.3;162;3.8;0.48;44;90;0
1395;MAHARASHTRA;27.5;7;8.3;212;3.6;0.44;47;90;0
1396;MAHARASHTRA;27.5;7.1;8.3;227;3.2;0.48;67;124;0
1397;MAHARASHTRA;26.9;6.8;8.2;314;4.3;0.45;28;69;0
1398;MAHARASHTRA;25.9;6.8;7.8;151;3.4;0.5;601;740;0
1399;MAHARASHTRA;25.9;7;7.8;123;3.4;0.44;42;100;0
1400;MAHARASHTRA;26;6.9;7.8;139;3.3;0.76;85;169;0
1401;MAHARASHTRA;26.9;6.8;8.2;313;4;0.49;49;99;0
1402;MAHARASHTRA;24.8;6.7;7.8;215;2.5;0.83;2;51;1
1403;MAHARASHTRA;26.2;6.7;7.8;204;2.5;0.77;2;68;1
1404;MAHARASHTRA;25.3;6.9;7.7;205;2.2;0.93;2;55;1
1405;KERALA;26.6;7.1;6.9;72;0.5;0.25;278;641;1
1406;KERALA;26.8;6.6;6.9;70;0.9;0.49;223;495;1
1407;KERALA;26.6;6.9;7.1;52;0.8;0.18;46;520;1
1408;KERALA;26.8;7.2;7;830;0.8;0.16;94;654;1
1409;KERALA;29.3;6.3;6.9;95;1.3;0.99;750;1325;1
1410;KERALA;25.4;7.2;7.4;164;0.9;0.46;1325;2225;1
1411;KERALA;25.5;6.9;7.5;231;0.8;0.55;1000;1725;1
1412;KERALA;26.6;6.5;6.9;101;1.3;0.47;468;1127;1
1413;KERALA;24.7;7.1;7.1;64;0.6;0.4;283;646;1
1414;KERALA;24.8;7.1;7.1;4600;0.6;0.35;229;538;1
1415;KERALA;28;7.5;7.2;52;0.6;0.15;285;900;1
1416;KERALA;27.4;2;6.8;265;2.4;2.3;1525;5425;0
1418;KERALA;27.4;7.1;7;90;0.6;0.64;338;625;1
1419;KERALA;26.5;6.1;7;248;0.8;0.66;500;1150;1
1420;KERALA;28.4;6;7;94;1.1;0.13;183;370;1
1421;KERALA;28.8;6.5;7.5;76;0.8;0.08;275;585;1
1422;KERALA;26.7;1.5;6.6;192;3.6;0.92;881;2978;0
1423;KERALA;26.4;2;6.8;79;2.4;0.2;456;1275;0
1424;KERALA;26.5;7.2;7.1;52;0.6;0.15;298;687;1
1425;KERALA;25.5;4;7.5;25964;1.1;0.76;945;1588;1
1426;KERALA;28;7.2;7.3;54;0.9;0.25;330;610;1
1427;KERALA;28;0.8;7.1;1239;11.9;1.87;4250;11000;0
1428;KERALA;27.9;6.4;6.5;58;1.3;0.34;255;960;1
1429;KERALA;28.1;6.3;6.8;77;1.2;0.16;73;208;1
1430;KERALA;28.6;5.4;6.6;80;1.6;0.27;335;775;1
1431;KERALA;25.3;5.8;7.8;666;1;0.24;993;1650;1
1432;KERALA;28.3;6.6;7.2;12768;1.1;0.13;88;1412;1
1433;KERALA;26.1;7.7;7.2;44;1;0.28;29;148;1
1434;KERALA;24.3;7.1;7;27;0.4;0.11;73;218;1
1435;KERALA;26;7.3;7.2;59;0.6;0.19;160;465;1
1436;KERALA;28.5;7.8;7.1;119;0.7;0.87;875;1725;1
1437;KERALA;26.6;7.3;7.1;54;1.3;0.41;415;913;1
1438;KERALA;26.8;7;6.6;104;1.5;0.49;500;1000;1
1439;KERALA;28;6;7.2;92;0.7;0.38;765;1390;1
1440;KERALA;26.2;6.8;6.6;48;0.5;0.44;1225;2025;1
1441;KERALA;28.5;5.6;7.1;20455;0.6;0.58;433;675;1
1442;KERALA;26.5;7;7;56;1.1;0.43;768;1725;1
1443;KERALA;29.3;6.7;6.9;2531;0.5;0.22;308;465;1
1444;KERALA;29.3;6.2;7.2;15362;0.8;0.39;830;1303;1
1445;KERALA;27;7.3;7.2;62;0.8;0.95;525;985;1
1446;KERALA;27.3;7.6;7.2;59;0.6;0.65;463;1163;1
1447;KERALA;27.9;6.4;6.8;83;0.5;0.42;175;575;1
1448;KERALA;27.8;7;6.6;50;0.6;0.75;295;578;1
1449;KERALA;27.8;6.7;6.8;76;1.2;1.21;310;625;1
1450;KERALA;28.3;6.7;6.6;64;0.9;1.35;428;838;1
1451;KERALA;27.5;5.6;6.9;943;1.5;0.4;655;1925;1
1452;KERALA;26.3;7.4;7;38;0.9;0.26;386;1196;1
1453;KERALA;27;6.7;6.9;43;1;0.3;1043;2750;1
1454;KERALA;27.4;7.1;7.3;48;1.5;0.36;595;1775;1
1455;KERALA;27;6.2;6.8;309;1.6;0.39;1129;2725;1
1456;KERALA;27.4;5.2;6.8;61;1.8;0.33;1123;2650;1
1457;KERALA;27.3;6.8;6.9;995;1.1;0.24;349;1258;1
1458;KERALA;27;6.8;6.9;52;0.9;0.45;39;198;1
1459;KERALA;27.8;6.2;6.6;44;0.7;0.21;715;1630;1
1460;KERALA;28.4;4.5;6.5;77;1.1;0.34;400;2675;1
1461;KERALA;28.8;4;7;19279;0.9;0.03;98;233;1
1462;KERALA;28.8;7;7.4;69;1;0.12;230;660;1
1463;KERALA;25.9;6.5;6.8;58;0.5;0.24;303;1026;1
1464;KERALA;28;4.6;6.9;98;0.6;0.11;168;348;1
1465;KERALA;28.5;6.6;7.3;12327;0.6;0.71;1326;2210;1
1466;KERALA;28.8;7.1;7;51;1;0.78;750;1700;1
1467;ANDHRA PRADESH;27.6;6.2;7.5;371;1.1;1.62;3;528;1
1468;ANDHRA PRADESH;27.6;6.2;7.7;316;1.3;2.41;3;312;1
1469;KARNaNTAKA;28.3;7.3;7.1;241;2.9;1.17;100;185;1
1470;KARNaNTAKA;27.5;7.7;7.4;121;1.4;0.64;378;1255;1
1471;KARNaNTAKA;30.5;6.5;7.3;64;1;2.6;236;420;1
1472;KARNaNTAKA;29.5;6.9;7.4;57;1;1.28;46;409;1
1473;ORISSA;22.3;7.5;8;211;1.9;0.39;3005;6858;0
1474;ORISSA;22.3;7.2;8;263;3.7;0.63;6625;14725;0
1475;ORISSA;25;7;7.6;111;1.6;0.67;1081;2743;1
1476;ORISSA;25.9;7.5;7.9;205;1.5;1;1615;3542;1
1477;ORISSA;25.9;7.1;7.7;283;2.3;1.73;2882;6692;0
1478;ORISSA;24.8;7.4;8;263;1.7;0.65;3113;6617;0
1479;ORISSA;27.5;8.1;8;300;2.3;0.45;2272;4569;1
1480;ORISSA;28;7.8;8;13103;2.1;0.59;277;739;1
1481;ORISSA;25;7.4;8;207;1.5;0.53;1356;2872;1
1482;ORISSA;25.8;7.2;8;198;1.4;0.57;677;1850;1
1488;TAMIL NaNDU;28.4;6.3;7.6;830;1.8;0.24;738;2020;1
1491;PUNJAB;24.8;5.8;7.2;732;8.5;3.83;1089;4838;0
1492;PUNJAB;24;5.6;7.4;1322;15.3;15;16750;41500;0
1493;PUNJAB;25;5.4;7.3;809;10;4.2;4278;8975;0
1494;PUNJAB;23.3;5.7;7.3;1103;14.3;13.75;20250;52500;0
1495;PUNJAB;25.8;5.7;7.5;906;24;14.18;7863;17625;0
1496;PUNJAB;25.8;3.5;7.4;1064;20;13.2;8000;14500;0
1497;PUNJAB;25.8;3.2;7.6;1197;27.3;19.2;20250;40250;0
1498;PUNJAB;26;4.7;7.3;1383;32.8;16.4;14388;42875;0
1499;PUNJAB;26;4.8;7.4;1063;16;5.03;3138;8025;0
1500;PUNJAB;24.4;5.3;7.5;1532;18.3;15.8;27000;63500;0
1501;PUNJAB;23.4;5.6;7.5;1269;34.5;12.15;22000;60000;0
1502;PUNJAB;24.3;5.4;7.4;1194;22;8.3;10000;35000;0
1506;RAJASTHAN;28;4.8;7.9;650;3.2;0.68;6;62;0
1507;RAJASTHAN;32;5;7.3;390;2.8;0.14;4;20;1
1508;HIMACHAL PRADESH;21.4;8.3;7.6;334;1;0.49;9;16;1
1509;HIMACHAL PRADESH;22.3;8.2;7.7;316;1.2;0.48;11;20;1
1511;HIMACHAL PRADESH;22.8;8.3;7.6;304;1.2;0.51;12;20;1
1512;HIMACHAL PRADESH;21.8;5.5;7.6;743;7.6;1.02;81;166;0
1513;RAJASTHAN;26.9;5.1;7.8;657;1.7;0.26;6;23;1
1551;MEGHALAYA;24.4;7.8;7.2;139;1.9;0.56;263;359;1
1552;MEGHALAYA;21.8;6.5;3.1;489;6.1;0.52;32;47;0
1553;MEGHALAYA;20.8;7.3;7;162;2.2;0.69;2085;2633;1
1554;MEGHALAYA;25.2;7.8;7.1;136;1.9;0.52;303;409;1
1555;MEGHALAYA;24;7.7;7.1;205;7;0.84;303;461;0
1556;MIZORAM;23.4;8.1;7.1;267;1;0.11;2;12;1
1557;MIZORAM;23.4;8;7;278;1.1;0.11;3;18;1
1558;MIZORAM;23.2;6.9;7.2;268;1.1;0.11;6;37;1
1559;MIZORAM;23.3;6.8;7.1;286;1.3;0.11;8;29;1
1561;TRIPURA;28.6;6.3;8;164;3.4;0.3;380;528;0
1562;TRIPURA;28.5;6.6;7.9;196;4.4;0.8;425;648;0
1563;DAMAN & DIU;29.9;5.6;7.5;15608;25;18.73;5;5;0
1571;GUJARAT;26;5.1;8.1;533;3.7;0.45;3900;7500;0
1572;GUJARAT;27;7.1;8;555;2;0.35;7500;15000;0
1573;GUJARAT;27;6.8;8.2;26600;3.1;0.62;9000;23000;0
1574;GUJARAT;29.3;8.1;7.6;938;8.6;0.4;22;108;0
1575;GUJARAT;28.4;6.2;7.8;7778;2.7;0.26;2880;6581;0
1577;GUJARAT;28.3;3.2;7.7;885;6.3;0.51;3900;9575;0
1743;MIZORAM;25;8.23;7.38;143;1.55;3.55;255;360;1
1749;tripura;28;6.2;7.7;176;3.5;0.2;532;592;0
1750;tripura;29;6.3;8;198;4.2;0.3;524;686;0
