station_code,tempurature,dis_oxy,ph,conduct,bod,nit,coli,total_coli,potable
1,29.2,6.4,8.1,735,3.4,2,3,73,0
2,24.5,6,8,270,3.1,2,72,182,0
3,25.8,5.5,7.8,355,4.2,9,59,133,0
4,24.8,5.5,7.8,371,5.6,3.55,90,283,0
5,25.7,5.7,7.9,294,3.2,2.69,45,132,0
6,25,4.5,7.5,513,12.6,2.3,131,320,0
7,24.8,5.2,7.7,475,10.3,1.9,122,343,0
8,26.3,5.6,7.7,385,3.8,1,110,292,0
9,26.5,5.2,7.8,410,5.2,1.5,77,218,0
10,26,6.5,7.8,178,2.5,1.99,22,74,1
11,29.2,6.2,7.9,749,3.5,1.75,2,80,0
12,29.5,6.4,8,834,4.7,1.8,2,77,0
13,30.2,6.2,8,925,4.2,6.9,2,82,0
14,26.7,6.5,8,730,4,2.9,2,78,0
15,27.2,7,7.9,637,4.7,6.5,2,80,0
16,29.7,6.4,8,656,3.6,1.8,3,82,0
17,26,6.6,8.1,601,3.2,6.75,2,80,0
18,28,5.5,8.1,826,1.7,1,27,161,1
19,31,6.9,9,526,12,0,130,285,0
20,30,5.7,8.5,575,13,0,240,700,0
21,30.5,3.2,8.8,803,15,0,500,1250,0
22,30.5,6.7,9,531,12.5,0,130,425,0
23,29,4.4,8.5,656,13,0,300,500,0
24,30,6.1,8.4,418,6.5,0,300,500,0
25,29.5,6.6,8.2,421,4,0,280,700,0
26,29.5,4.1,9.1,518,16.5,0,240,900,0
27,20,6,8.1,443,0.3,1,2,640,1
28,20.2,5.6,8,462,0.8,1,3,5280,0
29,19.8,6.1,7.9,666,1.8,0.84,2,1160,1
30,26.6,5.8,6.9,290,1.2,2.4,48,628,1
32,26.6,6.1,7.4,480,1.3,1.98,3,432,1
33,26.8,5.9,7,315,1.2,1.29,23,1100,1
44,23,9,7.4,242,2.5,0.4,664,1268,1
45,23,8,7.4,310,2.7,0.1,4000,630,1
46,22,8.2,7.5,293,2.6,0.1,370,610,1
47,23,7.8,7.4,320,3.1,0.1,410,630,0
48,23,7.3,7.5,277,1.4,0,400,610,1
49,26.9,7.9,7.9,288,2.9,0.2,2200,4467,1
50,26.9,7.3,7.9,276,3.2,0.3,2978,5078,0
51,27,7.9,8.2,290,3,0.2,2333,4256,0
52,27,7.5,8.2,307,3.4,0.2,2600,4856,0
53,27,6.3,7.7,430,5.5,0.3,15889,54333,0
54,22.1,8,7.8,213,3.7,0.8,5517,8250,0
55,22.1,8.2,7.8,209,3.6,0.8,5158,7967,0
56,24.4,8.7,8.3,385,3.6,1.7,17283,29500,0
57,24.5,8.4,8.3,382,3.9,1.8,18333,31833,0
58,24.4,8.5,8.3,404,4.2,2,19500,32417,0
59,22.4,8.4,7.7,290,2.5,0.4,1567,3078,1
60,23.8,8.4,7.6,299,2.6,0.5,2146,6518,0
61,22.5,8.3,8.2,338,2.9,0,2617,3950,1
62,22.5,7.8,8.5,385,4.5,0,31167,47333,0
63,22.7,7.7,8.5,369,3.9,0,17500,25667,0
64,17,8.6,8,290,1.8,0,70,125,1
65,24.5,8.4,8.1,371,2.5,0,1190,3100,1
66,24.9,8.1,8.1,376,2.7,0,3183,9350,0
67,24.5,8.1,8.1,376,2.3,0,1600,3436,1
68,22.3,8.2,8.1,270,2.2,0,660,2033,1
69,23.8,8.3,8.2,311,2.5,0,1483,3967,1
70,24.7,7.8,7.9,402,2.8,0,6527,19091,0
71,24.9,7.9,8,402,2.7,0,3782,11564,0
72,24.7,7.3,7.7,452,2.5,0,1382,4573,1
73,24.4,8.1,8,386,2.3,0,1846,4982,1
74,24.1,7.8,7.9,277,2.3,0,1251,2770,1
75,24,7.7,7.8,295,2.6,0,2792,9430,0
76,23.9,7.6,7.8,268,2.4,0,1622,4411,1
77,24,7.7,7.8,280,2.5,0,1560,3722,1
78,24.4,7.7,7.8,276,2.6,0,2933,9044,0
79,23.4,7.8,7.9,265,2.7,0,2678,8511,0
80,24.5,8.2,8.1,352,2.5,0,1705,4683,1
81,24.1,8.1,8.1,375,2.4,0,1198,2855,1
82,23.4,7.8,7.9,260,2.2,0,1106,2529,1
83,23.8,7.8,7.9,267,2.3,0,998,2478,1
84,23.9,7.8,7.9,270,2.3,0,1220,2844,1
85,23.9,7.7,7.9,262,2.4,0,1290,3020,1
86,24.5,8,8,377,2.4,0,1846,5073,0
87,22.5,7.7,7.9,292,2.3,0,1048,2833,1
88,26.5,7.4,7.9,304,4.2,0.8,166358,287833,0
89,27.4,7.4,7.9,353,3.3,0.7,143275,474917,0
90,28.3,6.9,8,312,2.8,0.8,34392,61283,0
91,27,6.7,7.8,315,3.4,0.9,106417,171417,0
92,27.3,6,7.9,323,3.1,0.7,153917,335000,0
93,26.5,6.7,8,319,4.2,0.7,285833,586250,0
94,26.5,6.3,8,314,3.6,0.7,122417,286083,0
95,26.4,6.1,8.1,322,3.2,0.7,310417,542917,0
96,27.1,6.3,8.1,368,3.4,0.6,31417,78083,0
97,26.4,6.9,8,1900,3.7,0.8,41750,88917,0
98,22.3,7.2,7.1,216,1.5,1.4,146,5525,0
99,21.8,7.7,7.2,256,1.4,1.5,2128,45100,0
100,25.1,6.9,7,273,1.5,2.5,585,26322,0
101,24.3,7.5,7,298,1.3,1.7,12418,93005,0
102,25.4,7.9,7.2,236,1.4,2.3,5449,134042,0
103,27.7,6,7.3,295,1.1,1.9,444,8382,0
104,27,8.1,7.6,210,0.9,1.2,3388,123400,0
105,25.8,7.3,7.1,168,1.6,0.4,1653,61303,0
106,27.3,7.1,7.2,289,1.6,1.4,1208,8725,0
107,28.2,5.1,7,253,1.5,1.4,2990,180228,0
108,23.1,6.8,8.1,160,3.1,2.9,15,387,0
110,23.8,6,8.2,262,5.1,1.8,149,1357,0
111,25,6.7,7.6,441,2.9,1.5,2,80,1
113,24,7,7.5,400,2.8,1.2,4,110,1
114,20.8,6.1,8.4,551,5.6,2.3,183,1377,0
115,22,6.2,8.3,458,4.6,2.3,191,1481,0
116,22.7,6.1,8.2,413,5.5,1.8,171,1257,0
117,29,7.5,8,685,2.1,2.3,780,1390,1
118,28,7.5,8,808,1.8,2.1,890,1460,1
119,29.3,5.9,8.3,521,1.5,0.4,518,1110,1
120,29.4,7.2,8.3,916,1.9,0.2,792,1483,1
121,29.5,7.1,8.2,718,1.9,0.2,538,1100,1
122,29.2,6.2,8.3,513,1.4,0.5,678,1250,1
124,26,6.7,8.1,791,2.6,2,28,611,1
126,28.4,5.7,8.7,1072,1.6,1.2,11,122,1
127,24.9,6.8,7.9,726,0.9,0.6,2,1875,1
128,27.6,7,7.8,669,0.6,0.4,2,1613,1
129,25.8,7.2,8,669,0.7,0.7,2,1750,1
130,28.4,6.8,8.2,818,2.9,2,36,860,1
131,26,5.5,7.6,14804,0.7,0.7,2,1450,1
134,22.3,7.7,7.5,465,1.2,0.2,9,19,1
135,23.7,7.5,7.8,331,1.5,0.2,11,21,1
139,25,4,7.7,196,8.3,0,43546,73727,0
140,25,3.7,7.5,273,9.2,0,53546,117273,0
141,25.3,4.5,7.5,281,7,0,34818,65000,0
142,24.8,8.1,8.2,522,2.4,1.8,2875,5975,0
144,27.4,5.4,7.7,394,1,0.1,913,3600,1
145,27.7,5.8,7.7,298,1,0.1,1073,3533,1
147,26.7,6.3,8.2,573,2.9,0.6,716,2950,1
148,27,6.9,7.3,1560,7.3,9.1,56,788,0
149,29.4,6.6,7.7,1049,4.3,1.3,46,1012,0
150,26.1,4.4,7.8,467,3.8,0.5,1099,4550,0
151,26.2,5.7,7.9,370,2.2,0.4,430,1744,1
152,26.9,6.7,7.7,78,0.4,0.8,58,96,1
153,25.3,7.2,7.5,219,1.1,0.3,353,1478,1
154,25.8,7.2,7.9,299,1.4,0.3,310,1357,1
155,25.7,7.2,7.9,266,1.3,0.3,308,1345,1
156,25.7,5.5,7.7,282,2.3,0.3,647,2717,1
157,24.7,7.4,7.7,138,0.7,0.2,197,408,1
158,24.4,8.1,7.7,108,0.7,0.3,11667,37848,0
159,24.6,7.5,7.7,207,1.1,0.3,6613,20942,0
160,26.8,7.2,7.9,161,1.9,0.2,15109,32509,0
161,27.3,6.3,8.1,555,1.5,0.4,15578,35738,0
162,27.4,7.2,7.9,304,1.8,0.3,18158,42583,0
163,26.8,5.9,8.1,442,0.9,0.2,12432,24552,0
164,27.2,6.4,8.1,481,0.9,0.2,22473,44153,0
165,13.2,8.9,7.1,133,0.3,0.3,5,9,1
166,17.2,7.9,7.5,295,0.6,1.5,6,22,1
167,23.3,7.7,7.7,302,1.1,0.3,11,20,1
168,23.9,7.5,7.7,348,1.4,0.3,9,20,1
169,17.4,7.9,7.3,242,0.7,1.5,5,17,1
170,21.9,8.1,7.6,508,1.1,0.4,8,17,1
171,22.8,7.9,7.6,467,1.4,0.3,8,17,1
172,10.5,9.3,6.9,82,0.2,0.3,4,8,1
173,11.2,9.3,6.9,86,0.3,0.4,2,8,1
174,12.6,9,7,163,0.3,0.3,3,9,1
176,24.3,1.1,7.4,1499,75.6,0.6,174167,250000,0
177,20.1,0.8,7.4,586,24,0,5692,8150,0
178,26.8,6.4,7.6,576,2.8,2,20,211,1
181,27.5,6.7,8.5,218,3,0,3150,13310,0
182,24,7.1,8.1,386,3.2,0,3580,15300,0
185,26.2,5.6,7.8,317,0.8,0.6,4,5,1
187,27.8,6,7.9,301,0.8,0.4,4,5,1
188,26.6,5.9,8.4,546,2,0.6,13,642,1
189,24.7,5.3,8.2,608,1.3,0.7,4,14,1
193,25.8,5.2,8.2,556,1,0.6,4,10,1
195,28,0,7.3,1507,40,45.5,41,1600,0
199,25.6,5.4,8,489,0.9,0.6,4,7,1
200,26.1,5.2,8.3,587,0.9,0.5,4,6,1
202,26.3,5.4,7.6,607,5.2,3.3,48,633,0
206,23.9,6.2,7.7,404,1.2,0.5,4,6,1
208,23.2,2.4,8.2,1596,7.3,0.9,13,883,0
210,25.9,5.6,8,265,0.9,0.5,4,6,1
211,20.8,7.5,7.4,86,2,0.5,2833,6700,0
212,24.8,6.5,7.3,195,1.7,0.8,1258,1530,1
213,25.7,7.1,7.1,287,1.3,1.4,423,2320,1
214,24.3,8.1,6.7,58,1.3,0.4,318,4598,1
215,24,7.7,6.6,177,1.3,1.6,875,29558,0
216,25,7.7,6.9,157,1.2,1.3,465,11818,0
217,25.5,7.3,6.5,138,1.7,0.6,175,615,1
218,26.9,5.8,7.1,220,1.3,1.6,228,1133,1
219,29,5.3,6.8,132,2.3,0.8,1280,62780,0
220,17.5,6.2,6.8,138,1.6,1.3,1255,2975,1
221,15.1,6.3,6.8,136,1,1.4,6048,31975,0
222,13.3,4.9,6.8,177,1.7,1.8,638,6740,0
223,27.3,6.7,7.4,166,3,0.3,169867,344500,0
224,28.8,7.6,7.6,141,2.4,0.3,4708,15667,0
225,23,7.7,7,355,0.8,1.4,1530,5628,0
233,26.9,6.9,8,391,4.1,0.3,2800,5256,0
235,26.9,6.2,7.9,316,5.1,0.3,2956,5056,0
236,22.9,8,8,305,2.6,0,4942,5758,0
237,23.3,3.3,8.4,508,36.5,0,137417,224167,0
238,26.8,7.3,13.2,237,3.7,0.1,2164,4427,0
239,23,7.8,8.2,298,2.9,0,6300,10192,0
240,25.8,8.7,8.1,392,2.7,1.3,631,1879,1
241,25.9,8,8,454,3.3,1.6,2120,3900,0
242,25,2.6,7.6,568,9.5,4,82800,118300,0
243,22.7,7.7,8.2,323,3.3,0,11083,16333,0
244,22.9,7.8,8.1,306,3,0,6917,11283,0
245,20.8,7.5,8,478,3.4,0.4,593,1175,0
246,21,7.1,8.1,438,2.8,0.3,232,494,1
247,20.3,9.2,7.7,187,2.7,0.7,4525,7258,0
248,23,7.7,8.1,488,2.9,0.3,203,455,1
249,21.6,7.5,8.1,529,3.4,0.4,583,1177,0
250,23.2,8.6,8.2,260,2.2,0,1115,2433,1
251,24.5,7.6,8.1,286,2.4,0.6,1287,2367,1
252,24.5,7.9,8.1,281,2.3,0.6,1525,2633,1
253,22.6,8.1,8.1,232,1.9,0,697,1533,1
254,19,8.2,7.6,250,2.1,0,710,1567,1
255,23,8.3,8,252,2.2,0,483,1580,1
256,23.2,7.7,7.8,298,2.2,0,848,2167,1
257,22.3,8.6,8.1,238,2,0,581,1557,1
258,23,8.4,8.1,247,1.8,0,527,1305,1
259,23.2,7.9,8,302,2.1,0,897,2317,1
260,23.1,16.3,8.1,269,2,0,769,1655,1
261,23.8,8,7.4,346,2,0,532,1180,1
262,22.4,6.5,7.5,319,3.5,0,1900,5025,0
263,23.3,4.2,7.3,418,7.1,0,2460,7640,0
264,25.6,4.3,7.1,450,30,0,1690,6333,0
265,23.3,8,8,290,2.4,0,1350,3250,1
266,24.1,4.4,7.2,370,4.7,0,1700,4450,0
267,22.1,8.1,8.1,228,1.8,0,721,1257,1
268,18.5,8.6,8.1,338,2.1,0,500,950,1
269,23,7.9,7.8,319,2.2,0,740,1840,1
270,18,8.8,8.2,340,2,0,500,900,1
271,22.3,5.6,7.4,330,3.5,0,2000,5560,0
272,24.8,7,7.4,184,2,0,670,1989,1
273,23.5,7.1,7.6,211,2,0,900,2175,1
274,24.2,7.1,7.4,215,2.1,0,738,1880,1
275,23.7,7.8,7.8,326,2.4,0,1500,2983,1
276,20.9,5.4,7.5,404,3.3,0,1900,5883,0
277,23.7,7.7,7.8,333,2.3,0,1200,2650,1
278,25.2,4.5,7.2,289,5.3,0,1182,3033,0
279,18.5,7.3,7.8,288,2.8,0,1400,4000,1
280,23.3,7,7.4,251,2.5,0,1343,3157,1
281,25.6,2.1,6.9,461,8.6,0,3867,14367,0
282,23.5,7.2,7.6,299,2.2,0,1045,2750,1
283,27.8,2.1,7.2,457,11,0,5000,16000,0
284,24.5,8,7.9,276,1.7,0,743,2333,1
285,22.6,8.4,7.9,306,2,0,596,1400,1
287,22.3,7.9,7.8,300,2.2,0,827,2467,1
288,21,8,7.9,289,2.1,0,600,1650,1
289,27.8,2.1,7.3,432,9.7,0,2850,12550,0
290,22.7,5.8,7.2,640,6,4.3,1450,4073,0
291,19,4.8,7.6,1090,22,3.6,30500,52500,0
292,23,5.5,7.3,705,10,5,2020,5433,0
293,24,5.1,7.4,1375,23.7,5.9,27333,50333,0
294,24.7,5.5,7.4,745,10,6.1,12167,29333,0
295,25,5,7.6,975,16.3,6.1,11167,21667,0
296,22,4.9,7.7,1385,27.5,7.7,42500,72000,0
297,24.3,5,7.3,1067,19.3,6.2,21467,39533,0
298,23.3,5.3,7.2,970,13.3,5.9,3167,7133,0
299,19.5,4.9,7.7,1418,21,4.2,28000,49500,0
300,21.5,4.1,7.5,1015,23,6.1,35000,57500,0
301,20,4.8,7.4,854,17,4.7,20500,38000,0
302,32.6,4,6.8,370,3,0.8,4,9,0
303,23.6,7.8,7.8,376,1.3,0.4,9,17,1
304,23.9,7.7,7.7,354,1.3,0.3,12,22,1
305,24.5,7.6,7.9,344,1.6,0.4,12,22,1
306,18.1,4.4,7.1,694,41,1.2,92,224,0
307,25.1,5.9,8,401,0.9,0.7,4,15,1
308,22.3,6,7.2,106,0.8,0.4,4,15,1
309,23.7,5.6,7.9,326,1.1,0.8,4,4,1
310,23.9,6.2,8.1,592,1,0.7,4,6,1
311,25.1,6.6,7.8,95,4.9,0.2,16,36,0
312,29.6,6.9,7.9,99,5,0.4,15,34,0
313,27.4,6.8,7.7,85,5.2,0.3,11,23,0
314,27.8,6.7,7.8,80,4.9,0.3,12,29,0
315,30.6,5.1,7.3,3937,10.3,1.8,31,83,0
316,25,5.6,7.9,468,3.6,1.9,66,164,0
317,25,6.4,7.6,541,5.7,0.6,23,45,0
318,25,5.5,7.4,6166,7.7,1.1,44,67,0
319,25.3,5.3,7.7,24062,9.9,1.2,156,304,0
320,25.1,6.7,7.6,83,4.8,0.2,28,76,0
321,26.1,3.6,7.4,4424,31.3,2.2,276,474,0
323,27.4,5.9,7.4,268,6.4,0.4,37,68,0
324,27.1,5.4,7.5,2413,7.4,1.5,59,116,0
325,27.2,5.8,7.3,384,5.4,0.6,37,78,0
326,27.3,5.9,7.4,269,5.1,1.2,34,60,0
327,27,6,7.3,269,8.5,0.4,32,58,0
328,27.2,6.1,7.3,196,6.1,0.5,30,63,0
329,27,5.9,7.4,269,6.4,0.4,19,47,0
330,22.6,6.3,7.8,223,4.6,0.9,15,32,0
336,27.1,6.8,7.9,5390,4.9,0.8,15,28,0
337,27.6,6.6,8.1,161,4.6,0.3,16,32,0
338,27.3,6.7,8,138,5,0.3,14,33,0
339,27.8,6.7,7.8,81,4.9,0.3,14,35,0
340,28,5.9,7.7,194,5.5,0.6,22,51,0
341,28.1,6.3,7.6,186,4.6,0.6,13,31,0
342,28.6,6.6,7.6,207,4.7,0.7,12,31,0
343,26.9,6.8,7.7,85,5,0.4,15,34,0
351,26.3,3.7,7.9,453,7.5,2.2,202,1468,0
352,24.4,5.8,8.1,523,5.7,2.1,164,1529,0
353,28.5,5.9,7.9,524,11.1,3,52,609,0
354,27.1,3.3,7.7,424,13.7,3.1,386,1800,0
355,27.3,5.3,8,720,7.2,2.9,209,1700,0
356,27.5,5.4,8,755,7.2,3.2,187,1675,0
357,29.5,6.4,8.2,991,5.3,2,251,1425,0
358,29.1,6.2,8.2,1010,5.1,2.3,164,1529,0
359,27.3,6.8,8.4,949,3.8,0.3,1483,1600,0
360,28.5,6.7,14.7,917,3,0.2,992,1542,0
361,29.6,7.6,8.1,834,2.1,0.2,1183,1600,1
362,29.2,6.4,8.4,874,3,0.3,1033,1483,0
363,29.8,5.7,7.2,189,2,0.2,4953,8391,0
364,29.5,6.3,6.9,179,1.7,0.1,3243,5330,0
365,29.7,5.8,6.9,64,3.8,0.5,5382,8443,0
366,29.5,5.8,7.3,83,1.9,0.4,3428,5500,0
367,30,5.5,7.4,81,1.5,0.1,2853,4049,1
368,29.2,6.1,6.7,308,1.4,0.3,3355,5672,0
369,29.6,6.4,6.7,414,1,0.2,6073,9423,0
370,30,6.4,7.6,305,2.2,0.1,3478,4990,1
371,30.1,6.3,7.6,77,2.3,0.1,2606,4301,1
372,27.8,7.1,7.1,176,1.2,0.1,4573,7817,0
373,27.9,6.7,6.4,93,1.4,0.1,2147,3433,1
374,29.3,7.4,6.8,121,1.7,0.4,11633,18125,0
375,29.2,6.9,7,620,1.1,0.1,3500,6300,0
376,30,6,7.5,72,1.6,0.2,4995,9517,0
377,29,7.3,7,247,1.5,0.2,1095,2453,1
378,29.1,7.3,7,188,1,0.1,1286,3048,1
379,28.7,7,6.9,224,1.2,0.3,3896,6742,0
380,28.7,7.3,6.7,144,1.5,0.1,1940,3052,1
381,29.5,5.3,6.8,319,1.8,0.3,6458,10250,0
382,29,6.3,6.4,79,1.6,1.4,7592,12842,0
383,29.4,5.4,7.6,39,1.4,0.1,3176,6367,0
384,28.3,2.2,6.5,322,4.7,1.2,11210,14920,0
385,30.1,5.2,7.1,192,2.6,0.3,5073,8925,0
386,30.3,5.6,7.5,282,1.8,0.1,3205,5082,0
639,28.5,6.6,7,70,1.4,0.1,550,822,1
387,30.5,5.5,7.4,275,1.5,0.1,4698,8625,0
388,29.1,7.3,6.7,55,1.4,0.1,2638,4003,1
389,30.1,6.5,7.5,415,2,0.1,864,1538,1
390,29.2,7.2,6.3,100,1.5,0.1,7942,13575,0
393,26.3,6.6,7.9,1610,4.7,0.4,2,107,0
394,29.1,5.8,8.2,498,1.3,2,13,102,1
395,29.6,5.2,8.2,555,1.6,2.9,19,158,1
396,28.5,6.3,8.4,451,0.8,0.9,9,90,1
397,28.3,6.6,8.4,427,1,1,9,82,1
398,27.9,7,7.8,543,2.3,1.3,786,1400,1
401,26.1,5.1,8.1,369,11.3,1.1,140,220,0
402,24.9,6,8.2,403,8.9,1,90,130,0
403,23.9,6.2,8.2,458,8.9,2.2,110,140,0
404,23.4,5.1,8.2,577,10.7,2.3,110,140,0
405,24.4,5.4,8.1,678,10.6,2.7,50,80,0
406,23.7,5.7,8.2,498,8.9,2.1,40,70,0
407,22.7,7.4,7.4,450,2.2,0.4,39,67,1
408,21.4,7.3,8,386,2.3,1,15,95,1
409,23,7.7,8.1,292,1.5,4.8,0,36,1
410,33.3,4.8,8.3,482,10.8,6,170,277,0
411,28.1,5.9,8.1,341,9.1,1.2,82,132,0
412,27.3,5.3,8.2,273,9.6,1.7,98,180,0
413,25.1,6.2,8.2,393,9.1,2.4,110,170,0
414,24.3,5.3,8.2,388,10.6,1.2,140,240,0
415,24.1,5.7,8.2,366,8.6,0.9,170,280,0
416,24.1,5.5,8.2,607,10.4,2.9,114,193,0
417,23.7,7.4,7.7,403,2.1,0.3,39,127,1
418,33.8,4.8,8.2,477,10.5,6.7,131,221,0
419,24.4,5.5,8.2,534,10.1,2.7,103,157,0
420,24.9,5.1,8.2,523,11.1,2.7,140,222,0
421,26.3,4.7,8.4,940,15.1,11.5,183,273,0
422,23.2,4.2,8.4,685,13,8.4,363,420,0
423,31.6,5.1,8.3,435,9.7,2.5,152,231,0
424,21.6,6.9,7.5,469,0.8,0.5,2,1100,1
426,27.6,6.5,7.7,1127,5.7,0.3,3,108,0
427,22.1,5.2,7.9,306,4.5,2.2,47,136,0
428,21.6,4.7,7.9,262,3.4,1.2,33,106,0
429,21.9,5.5,8,247,3.7,1.1,39,104,0
430,22.7,5.4,8.1,244,3.6,1,44,117,0
431,21.3,4.9,7.9,272,3.4,0.6,59,155,0
432,25,5.8,8.3,506,8.5,2.6,14,34,0
433,24.6,5.1,8.3,534,9.5,3.2,26,50,0
434,25.3,4.9,8.4,966,12.8,11.7,133,247,0
435,31.2,5.2,8.3,432,9.8,2.3,113,186,0
436,31.1,4.7,8.2,432,11.2,2.3,150,246,0
437,28.9,7,8,736,1.5,4.9,700,1250,1
438,27.5,7.1,7.9,447,1.5,1,558,1040,1
439,27.5,6.8,7.4,237,4.5,0.2,796,1460,0
440,28.5,6.6,7.7,371,1.2,0.6,620,1080,1
441,28.5,6.9,8,1004,3.3,2.1,740,1390,0
442,27,7.1,7.9,1017,4,1.5,732,1350,0
443,25.8,7.2,7.9,286,2.4,0.1,71,157,1
444,26.1,7,8,415,2.9,0.3,93,191,1
445,29.9,7.2,7.9,613,1.9,0.2,927,1542,1
446,27,6.5,7.9,536,6,0.4,179,386,0
447,26.9,6.5,7.9,398,4,0.2,143,288,0
448,26.5,6.7,8,383,3.6,0.2,129,279,0
449,29.8,7.2,8.1,448,1.9,0.2,808,1425,1
450,26.1,7.2,7.9,313,2.7,0.1,69,152,1
451,26.2,7.2,7.9,290,2.9,0.1,55,133,1
452,27.7,7.1,8.1,956,2.2,2.5,18,544,1
453,27,6.9,8.2,999,3,3.1,23,620,0
454,27.6,6,7.8,166,3.5,0.2,273,734,0
455,28.5,6.4,8,219,3.3,0.3,150,291,0
456,21.8,5.5,13.7,223,1,0.1,718,2946,0
457,29.5,5.8,7.7,245,4.2,0.2,867,1542,0
458,28.8,6,7.8,226,3.3,0.2,145,302,0
459,29.6,6.5,8,154,2,0.2,58,130,1
460,21.5,5.5,7.4,185,1,0.1,532,2064,1
464,28.6,5.4,8.2,1062,2.1,2.6,21,67,1
465,25.5,6.9,8,838,0.9,0.6,2,1450,1
466,24,6.6,8.3,905,0.7,0.5,2,1400,1
467,29.1,6.9,8.3,596,2.6,0.3,842,1425,1
468,29,6.8,8.4,575,2.6,0.4,696,1483,1
469,28.3,4.8,7.9,1868,5.6,10.3,21,181,0
470,27,6.8,7.8,648,3.6,5,14,554,0
471,27.3,7,8.1,734,1.3,0.9,820,1460,1
472,31.6,7.3,7.2,46,1.2,1.23,108,413,1
473,30.8,7.1,6.7,48,1.4,0.26,7453,12640,0
474,30.2,7.4,6.9,80,0.8,0,160,329,1
475,29.7,4.1,6.7,141,2,1,4428,7894,0
476,29.1,2.7,6.4,137,2.2,0.77,3207,4719,0
477,31.6,5.9,6.6,110,2.7,1,1666,12638,0
478,30.3,1.3,6.6,350,2.9,0,18857,32714,0
479,31.6,4.9,6.5,148,2.8,1.05,2864,4218,1
481,27.6,6.5,8.6,649,21.8,4,5064,2487,0
482,29.5,7.03,8.1,320,29.5,3.23,783,12400,0
483,28,7.8,8,2225,5.5,2,2568,2448,0
484,29.3,6.4,8,23125,4.8,2,4500,178,0
489,28.3,6.8,8,1870,13,1,4,29,0
490,28.5,7.1,7.5,2100,21,1,4,95,0
499,29,5.9,7.8,1453,7.3,6.45,30,7,0
500,27.8,2.4,8,351,6.6,6.22,24,959,0
501,26,8.3,8.3,270,2.1,3,4,87,1
502,25.7,9.1,8,461,5.5,1.06,7,363,0
503,25,5.8,7.7,872,1.9,12,7,170,1
504,22,7.6,7.5,408,2,1.92,7,55,1
505,22,6.8,7.5,428,2.1,2,13,82,1
506,29.2,7.5,7.4,59,3.1,5,26,364,0
507,27,7.6,7.9,680,6.4,17,8,382,0
508,26.1,8.2,8.3,263,2.3,3,4,97,1
509,26.8,8.2,8.2,277,2.2,2,4,88,1
510,25.4,7.1,8.1,273,2.2,4,4,94,1
511,26.7,7.3,7.9,301,1.8,6.66,3,93,1
512,22.5,4.4,7.7,464,4.4,12,5,260,0
513,22.3,7.3,7.9,502,7.6,2,12,121,0
514,22.5,7.4,7.7,495,5,3,5,200,0
515,22.1,6.9,7.5,448,4.3,2,8,49,0
519,23.8,5.3,8.2,572,1.5,1,7,65,1
520,23.9,4.6,8.4,1463,3.2,1,16,557,0
521,19.9,4.7,8.2,321,1.5,1,12,242,1
522,24.3,5,8.4,583,1.2,1,4,12,1
523,23.2,8.4,8.3,300,1,2,5,21,1
524,21.7,5.7,8,295,1.1,1,5,9,1
525,26.1,4.5,7.9,483,1.5,1,5,15,1
526,24.4,5,8,314,1.9,2,4,7,1
527,30.3,5.1,7.9,266,0.9,1.08,4,7,1
528,21.3,5,8.6,604,1.2,2.29,4,11,1
529,21.2,4.9,8.6,593,1.1,1,4,7,1
530,23.2,4.4,8.1,538,1.2,1,5,14,1
531,22.9,5.6,8.4,591,1.1,3,4,8,1
532,22.9,5.8,8.5,588,1.2,3,4,6,1
533,28.7,4.1,7.9,1133,2.3,2,7,67,1
534,24.3,3.5,8.9,2004,6.5,1,13,248,0
600,25.1,6.7,7.5,85,1.4,1,183,420,1
601,24.6,5.8,7.4,77,1.4,0.8,285,691,1
602,25.7,6.6,7.5,75,1.4,0.7,183,448,1
603,24.8,6.7,7.5,82,1.4,1,161,443,1
604,27.3,6.7,6.9,56,0.9,0.2,82,172,1
605,27.5,6.5,6.7,2240,1.2,0.2,136,304,1
606,25.2,6.3,6.9,73,1.6,0,787,2008,1
607,29.9,7,7.4,130,0.7,0.1,301,590,1
608,29.8,6.6,7.7,191,1.6,0.2,362,661,1
609,27.8,6.9,6.9,134,1.1,0.4,249,531,1
610,26.7,7,7.5,80,0.8,0.4,2573,3583,1
611,25.8,6.7,7.4,14526,0.8,0.6,1411,1969,1
612,26.4,7.2,7.4,82,0.7,0.5,840,1311,1
613,29.8,7.5,7.2,67,1.1,0.1,76,590,1
614,28.6,3,6.6,965,1.7,1.2,247,530,0
615,26.9,5.9,7.4,17990,0.7,0.5,1888,2803,1
616,26,6.7,7.5,90,1.6,0.9,199,473,1
617,23.6,6.1,7.4,4429,2,1.6,243,550,1
618,30.3,6.7,6.9,87,1.7,0.2,155,350,1
619,30.7,6.9,6.8,85,1.6,0.2,82,206,1
620,28.7,2.1,6.8,101,1.6,0.8,431,694,0
621,28.2,2.5,6.9,83,1.9,0.3,353,656,0
622,24.8,7.2,7.6,75,1.4,1,188,426,1
623,26.3,3.7,7.7,32005,1.2,0.9,40000,60392,0
624,29.2,6.1,7.6,281,1.2,0.7,384,718,1
625,26.6,6.7,7.6,106,0.5,2.5,44,71,1
626,30.4,7.6,7.1,58,1.2,0.1,163,961,1
627,25.5,1.9,7.7,2941,26.9,2.8,10875,37375,0
628,25.1,7.4,7,35,0.1,0,165,409,1
629,28.9,6.4,7.2,63,1.3,0.4,121,535,1
630,28.8,5.4,6.7,65,1.1,0.3,60,144,1
631,29.3,5.6,7.3,90,1.6,0.4,268,705,1
632,29.5,7.1,8,728,1.2,0.4,374,697,1
633,28.4,5.9,6.8,13953,1.5,0.4,70,166,1
634,26.9,7.4,6.9,57,1.1,0.3,70,159,1
635,25.8,7.2,7.2,41,0.7,0.2,441,658,1
636,26.6,6.5,7.4,71,0.6,0.3,4192,7018,0
637,25.3,6.8,7.1,81,0.8,0,389,1268,1
638,28.2,6.8,6.9,68,1.7,0.1,449,660,1
640,27.6,6.4,7.7,100,0.6,0.9,56,88,1
641,29,7.3,6.9,96,1.9,0.2,89,825,1
642,27.5,6.8,6.6,49,0.5,0.4,1719,2950,1
643,30,5.6,7.2,24360,2.1,0.3,92,447,1
644,27.8,6.9,6.8,59,0.6,0.5,1916,3375,1
645,30.2,7.1,6.8,14410,1.8,0.1,65,468,1
646,30.8,6.2,7.2,22757,1.5,0.1,98,542,1
647,25.3,6.7,7.1,66,0.6,0,222,626,1
648,25.3,7.2,7,59,0.6,0,165,433,1
649,25.8,6,7.6,120,1.3,1.1,212,523,1
650,27.2,5.2,6.8,55,0.6,0.7,171,313,1
651,28.1,4.8,6.8,86,0.7,0.8,208,332,1
652,28.3,3.9,6.9,62,0.5,0.7,155,284,0
653,28.1,5,6.9,3185,1.8,0.4,290,667,1
654,27.7,7,7,36,1.1,0.2,276,541,1
655,28,6.3,6.9,64,1.2,0.3,381,815,1
656,28.2,6.2,6.9,86,1.3,0.2,372,1007,1
657,28,5.7,6.8,2640,1.9,0.5,385,759,1
658,28.1,5.7,6.9,53,3.1,0.4,574,1205,0
659,28.1,6.6,7.1,2007,1.3,0.2,356,785,1
660,28.1,6.6,7,46,1.3,0.3,228,472,1
661,27.3,6.5,6.5,43,0.9,0.4,87,188,1
662,28.3,6.7,6.3,54,0.9,0.1,136,610,1
663,29.1,4.3,7.2,113,1.8,0.4,188,796,1
664,28.7,4.6,6.7,12561,1.5,0.6,72,171,1
665,28.5,7.7,6.9,61,1.6,0,88,554,1
666,26.6,5.8,6.5,61,1,0.4,70,151,1
667,31,4.5,6.9,1614,2.1,0.6,131,230,1
668,30.5,6.9,7.2,20950,1.3,0.2,113,643,1
669,28.8,6.6,7,14487,0.9,0.3,55,103,1
670,25.3,6.9,7.5,54,0.6,0,319,1633,1
671,25.9,5.5,7.6,569,1.3,0.9,18,141,1
672,26.5,5.4,7.8,310,0.8,2.4,7,107,1
673,18.9,7.1,7.8,516,0.7,0.5,2,1238,1
674,20.5,6.9,8,505,0.9,0.7,2,1563,1
675,27.1,7.3,7.3,109,2.4,3.4,18,65,1
676,26.3,7.5,7.5,83,2.1,2,22,74,1
677,29.1,6.4,7.2,102,1,0,137,1223,1
678,28.4,6.5,7.1,92,1,0,155,1342,1
679,24.7,7.7,7.9,232,1.3,0.8,30790,40500,0
680,24.4,7.5,7.8,519,2.1,0.7,38700,53556,0
681,22.7,7.3,7.2,103,0.7,1.7,4871,13810,0
682,24.8,7.4,7.9,196,0.7,0.6,5323,15213,0
683,24,7.4,7.8,244,1.9,1,20880,12473,0
684,22.8,7.5,8,243,1.7,0.9,8780,30319,0
685,26.8,7.2,8,296,1.5,0.7,1468,4314,1
686,27.4,6.6,7.8,25034,1.5,0.9,1671,4224,1
687,25.3,7.5,7.9,194,1,1,2906,8559,0
688,27.1,7.4,7.9,170,0.8,0.9,4948,16709,0
694,29.3,6.5,7.4,1063,2,0.6,177,374,1
695,22.8,6.8,6.6,63,2.9,0.1,11,36,1
696,24.5,6.6,6.4,101,2.5,0.2,13,41,1
697,25.5,6.6,6.5,136,2.5,0.2,13,45,1
698,29,6.7,6.9,226,2.2,0.2,12,38,1
699,23.8,6.7,6.3,72,2.7,0.2,9,32,1
700,22.8,6.7,6.4,61,4.6,0.1,10,34,0
701,29,6.6,7.2,1300,2.7,0.2,21,60,1
702,29,6.7,7,461,2.5,0.1,17,51,1
703,23,6.6,6.2,69,2.5,0.1,11,38,1
704,29,6.8,6.9,241,2.5,0.1,14,48,1
705,25.7,6.5,6.6,159,2.4,0.2,11,41,1
706,25.7,6.6,6.7,170,2.5,0.2,10,34,1
707,24.3,0.9,7.6,2039,104.5,0.9,272521616,511090873,0
733,25.5,7.2,7.5,119,2.3,3.8,33,74,1
734,25.1,7.2,7.5,120,2.3,4.1,31,67,1
735,25.2,7.5,7.3,82,1.8,2.8,30,70,1
736,23.2,7.5,7.5,111,2.4,3,293,506,1
737,20.1,5.3,3.3,831,7.7,3.2,18,36,0
738,18.3,7.2,7.2,56,1.7,2.6,21,42,1
739,19.3,7.5,7.2,66,1.6,2.5,22,44,1
740,24,7.8,7,74,2.3,4.3,28,108,1
741,20.5,6.7,2.7,1350,3.3,1.1,7,16,0
742,21.2,7.3,6.6,274,2.5,2.4,176,386,1
743,26.3,7.4,7.3,67,1.8,2.5,25,55,1
744,25.5,7.2,7.4,82,2,2.8,26,61,1
745,20,7.3,7.1,55,1.9,2.5,24,53,1
746,20.3,7.3,7.1,57,2,2.4,24,50,1
747,19.4,6.6,7.1,114,2.6,2.8,2142,3108,1
748,21,7.3,5.6,56,1.8,2.1,16,34,0
749,19.2,5.1,7,105,3.6,4.7,351,780,0
750,18.3,7.3,7.1,51,1.6,2.4,19,40,1
751,19.6,7.7,7.2,50,1.6,2,19,36,1
752,23.7,7.6,7.3,115,2.1,3.7,301,528,1
753,18.2,6.2,7,81,2.4,5.1,36,79,1
754,18.8,7.2,7.1,66,1.9,3.4,28,63,1
755,18.9,7.4,7.1,57,1.5,2.9,13,40,1
756,25.1,7.5,7.4,144,1.7,3.5,26,59,1
757,18.8,7.1,7.1,63,1.9,5.6,22,48,1
758,20.2,7.3,7.2,65,1.9,3.3,24,48,1
759,20,7.3,7.3,65,2,3,25,54,1
760,18.5,1.5,6.9,345,33.9,16.9,23232,34251,0
761,18.8,3.9,7.1,233,17,10.5,13174,22223,0
762,18.3,1,7.2,376,57.2,20.3,48665,83554,0
763,18.5,0.9,7.2,506,61.1,19.6,64250,106333,0
764,18.2,7.2,7,66,1.9,3.7,28,60,1
765,22.1,7.7,7.2,62,1.6,3,27,59,1
766,17.6,7.3,6.9,61,2.2,2,25,52,1
767,18.7,1.2,7.1,380,45.7,15.6,51583,94083,0
768,18.7,3.2,7.1,258,23.5,10.3,31833,54083,0
769,23.1,7.2,7.2,124,6.9,4.5,348,552,0
770,22.6,7.2,7.1,65,2.1,2.4,56,120,1
771,20,7.5,7.3,64,1.9,3.3,21,42,1
772,19.9,7.6,7.3,65,1.9,3.8,21,43,1
774,24.4,7.2,7.3,275,1.5,0.1,4,68,1
777,27.3,6.2,7.8,165,2.1,0,282,340,1
778,29.1,6.4,7.8,158,4.1,0.5,458,500,0
779,26.6,6.6,7.9,210,4.2,1.9,510,572,0
781,27.1,7.3,7.9,693,0.5,1,161,173,1
1078,27,4.8,7.2,5429,8.4,2.08,177,408,0
782,27.3,5,7.6,1676,1.8,8,329,174,1
784,24.5,6,7.7,1863,8.6,1,47,1183,0
786,27.5,5.3,7.8,817,2.8,1,9,23,1
788,28.4,4.5,8.3,1287,1.5,11,116,5,1
790,27.6,6.8,8.2,1862,2.5,0.87,7,64,1
793,27,6.7,8.1,2520,7.2,1,6,41,0
796,30,5.6,7.5,41,2,0.08,7022,13410,0
797,30.4,5.5,6.7,209,0.8,0.17,1893,2915,1
798,30.8,5.5,7.1,123,1.5,0.09,3293,6264,0
799,30.3,5.3,7.3,182,1.5,0.08,1976,3080,1
800,30.1,6,7.6,100,1.2,0.17,5129,6086,0
801,29.9,5.7,6.9,111,1,0.14,939,3061,1
802,29.1,6.4,7.1,140,1.1,0.1,4464,7908,0
803,29.9,6.2,7.8,44,2,0.06,9429,9320,0
804,29.8,6.1,7.6,43,1.8,0.06,6668,9554,0
805,27.9,7,6.9,64,1.1,0.09,1641,2841,1
806,28.2,6.6,6.5,62,1,0.14,4073,7190,0
807,29.6,7,6.8,304,2,0.49,12140,23867,0
808,28.8,7,7,55,1.2,0.66,1298,2813,1
809,29.5,6.3,7.6,213,1.5,0.06,3803,7069,0
810,29.8,6.7,6.8,83,1.2,0.17,2140,3559,1
811,29.7,7.1,6.6,76,1,0.12,2367,3527,1
812,28.7,6.7,6.6,107,1.3,0.22,2461,3757,1
813,27.9,7.2,6.7,89,0.9,0.06,832,1996,1
814,29.3,4.2,6.7,192,2,0.16,4448,9286,0
815,28.6,6.3,6.6,79,1.6,0.19,2830,6054,0
816,29.8,5.6,7.7,142,1.7,0.14,1831,3644,1
817,28.6,2.8,6.4,424,3.2,0.35,12658,21036,0
818,30.6,5.2,7.1,306,2.6,0.34,1411,1525,1
819,30.3,5.6,7.7,40,1.5,0.07,4153,7130,0
820,30.4,5.5,7.7,40,1.5,0.08,7086,12282,0
821,29.6,6.9,6.7,63,0.9,0.21,691,1132,1
822,29.6,6.3,7.6,227,1.7,0.08,3622,3612,1
823,29.5,7.1,6.6,68,1.1,0.13,4124,8167,0
824,26.7,6.9,7.7,121,3.3,1,77,163,0
825,29.3,7.2,8.2,112,3.3,1,39,94,0
826,28,6.9,7.7,103,3.7,0.57,48,103,0
827,28.2,6.9,7.6,104,3.5,0.75,37,79,0
828,26.5,6.4,7.4,1003,4.3,2.89,524,753,0
829,20.7,6.3,8.3,408,2.7,1.58,64,157,1
830,27.2,6.7,7.8,105,3.6,1,43,89,0
831,27.5,6.3,7.6,209,4.4,1.86,48,98,0
832,26,5.9,7.6,13768,5,1.79,166,300,0
833,26.5,7.3,7.7,86,3.2,1,50,93,0
834,27,3.6,7.4,6487,30.5,1.5,534,745,0
835,27.3,6.3,8.3,999,3.3,1.78,4,112,0
836,28.7,7.2,7.7,125,3.3,1,39,89,0
837,28.4,7.1,7.5,127,3.4,4.4,17,63,0
838,28.7,7.1,7.4,5300,38,1,388,667,0
839,28.7,7.2,7.6,127,3.2,1,22,51,0
840,28.7,7,7.6,126,3.3,1,20,63,0
841,28.7,7.2,7.6,126,3.4,1.89,29,64,0
842,28.7,7.1,7.8,112,3.2,0.63,43,88,0
843,29.3,6.8,7.7,9590,3.6,4.57,3,124,0
844,28.3,6.8,7.4,174,3.7,2.26,4,124,0
845,28.7,6.8,7.6,2572,3.3,4.22,4,118,0
846,29.2,6.7,7.8,6030,4.4,4.78,4,138,0
847,28.7,6.8,7.7,7207,3.9,4.25,3,120,0
848,27.2,6.8,8.1,167,3.8,1,32,85,0
849,27.2,6.8,8,173,3.5,1,53,98,0
850,27.2,7,8,168,3.6,1,44,83,0
851,28,6.9,7.9,131,3.5,0.75,41,96,0
852,26.2,7,7.6,125,3.5,0.6,33,63,0
853,26.2,7.2,7.5,132,3.3,0.9,38,88,0
854,28.2,7.2,7.7,119,3.3,1,35,68,0
855,24.5,6.9,7.5,159,2.8,1,3,82,1
856,24.5,6.7,7.7,141,3.3,3,4,90,0
857,24.5,7.3,7.7,132,2.9,2,3,88,1
858,24,6.4,7.3,76,1.7,0.62,199,788,1
859,24.9,6,7.1,85,1.7,0.53,262,538,1
860,24.3,6.3,7.1,69,1.3,0.57,248,593,1
861,24.8,6.5,7.3,76,1.6,0.55,226,545,1
862,26.4,6.7,6.6,60,1.2,0.34,228,435,1
863,27,7,6.6,3544,1.5,0.37,208,435,1
864,26.6,6.7,7.3,51,0.8,0.35,547,1567,1
865,28.6,6.9,7.7,107,0.7,0.46,255,443,1
866,28.8,6.7,7.9,173,0.9,0.56,191,426,1
867,28,5.6,6.9,126,1.2,0.67,266,990,1
868,27.4,7.3,7.4,70,0.8,0.31,2984,4208,1
869,27.5,6.9,7.4,12754,0.8,0.29,1807,2557,1
870,26.8,7.1,7.4,80,0.6,0.5,1921,2831,1
871,30,7.2,6.9,62,1.3,0.11,33,150,1
872,28.8,3.4,6.7,2965,2.3,1.11,271,1236,0
873,27.4,6.1,7.2,15871,0.9,0.25,1667,2975,1
874,24.8,6.4,7.2,120,1.9,0.77,258,618,1
875,23.6,6.2,7.2,7448,2,1.01,184,483,1
876,29.8,6.6,6.9,77,1.6,0.29,264,756,1
877,30.2,6.8,7,72,1.7,0.2,249,785,1
878,28.2,2.9,6.7,305,2.2,1.28,403,1623,0
879,27.7,3,6.6,86,2,0.39,357,1319,0
880,23.9,6.7,7.1,79,1.6,0.34,313,738,1
881,27.4,3.6,7.3,32790,2.6,0.59,64259,112867,0
882,27.8,6.1,7.8,2905,1.3,0.54,422,997,1
883,26.4,6.9,7.4,112,0.5,0.35,50,67,1
884,29.6,7,6.9,51,1.1,0.18,44,317,1
885,27,3.1,7.2,1416,13.2,4.41,2992,19917,0
886,26.3,7,7.1,30,0.5,0.32,211,496,1
887,30,6.1,7,59,1.8,0.58,89,282,1
888,28,6,6.4,61,2.1,0.28,87,300,1
889,30.1,6.3,7,105,2.8,0.37,142,543,1
890,27.9,6.9,8.1,502,0.9,0.72,382,615,1
891,27,5.9,6.7,14662,1.5,0.52,144,377,1
892,26,7.8,6.8,49,1.4,0.3,122,319,1
893,27.7,7.1,7.4,380,1,0.14,1527,66382,0
894,27.1,7.3,7.2,67,0.9,0.38,6490,3471,1
895,26.5,6.2,7.2,51,0.8,0.23,331,942,1
896,28.5,7.2,6.8,69,1.2,0.45,706,941,1
897,28.7,6.9,6.7,75,2.5,0.4,526,701,1
898,25.7,6.3,7.4,113,0.6,0.88,98,128,1
899,29.3,7.6,6.8,79,1.6,0.31,48,109,1
900,27,7,7.2,57,0.6,0.46,2117,3558,1
901,30.9,5.9,7,22576,1.5,0.35,42,253,1
902,27.1,6.8,7.2,105,0.6,0.39,1200,2392,1
903,30.3,6.3,6.7,2315,1.3,0.17,55,278,1
904,30.4,6.4,6.9,18569,1,0.27,40,277,1
905,26.2,6.6,7.3,45,0.6,0.39,228,940,1
906,26.2,6.9,7.2,42,0.5,0.18,151,774,1
907,25.1,6,7.3,92,1.7,0.56,256,597,1
908,27.4,6.1,7.2,59,0.7,1.04,181,311,1
909,28.1,4.5,6.9,1190,0.7,1.17,218,388,1
910,28.3,4.2,7,69,0.6,1.04,240,420,1
911,28.2,6,7,5569,2.2,0.68,473,1894,1
912,27.2,7.3,7,34,1,0.27,234,927,1
913,27.4,6.3,7,44,1.6,0.32,487,1876,1
914,28.2,6.4,7.2,49,1.4,0.23,362,1357,1
915,27.9,5.9,7,3272,2.2,0.62,330,1284,1
916,27.3,4.6,7,65,1.7,0.28,631,1937,1
917,28.2,6.5,6.9,4650,2,1,340,1573,1
918,28.2,6.5,7,42,1.4,1,249,1221,1
919,26.7,6.4,6.4,45,1.2,1,142,376,1
920,28,6,6.1,56,1.2,0,136,438,1
921,29.7,5.3,6.8,99,2.8,0.79,106,523,1
922,28.2,3.6,6.5,22131,1.8,0.95,105,261,0
923,28.9,6.9,6.7,66,1.8,0,93,205,1
924,26.4,6,6.6,67,1.5,3.69,168,398,1
925,30,4.9,6.8,9107,1.6,1,208,614,1
926,30.8,6.3,7,18931,1.4,1,34,201,1
927,27.8,6.6,6.8,15525,1.1,0.06,149,347,1
928,26.7,7.1,7.5,46,0.8,1,239,1097,1
929,27,6,7.3,432,1.2,3,3,78,1
930,26.8,6.1,7.7,328,1.2,1,3,211,1
931,19,5.8,7.8,707,0.6,0.85,2,1100,1
932,21.4,6.1,8,674,0.9,1,2,1260,1
933,27.1,7.3,7.3,164,2.3,1,115,336,1
934,26.3,7.6,7.4,122,2.4,1,223,834,1
935,28.3,6.5,7.1,95,1,0,156,212,1
936,27.9,6.5,7.1,56,1,0,30,79,1
937,23.4,7.5,7.8,237,1.4,0.89,8281,18918,0
938,23.5,7.6,7.6,3688,2.3,2.66,19264,32918,0
939,22.4,7.3,7.5,82,1.2,1.58,15816,17512,0
940,26.8,7.5,8,202,1.4,1.89,11771,23191,0
941,26.5,7.3,7.9,232,2.9,2.23,9026,30836,0
942,22,7.4,7.9,246,2.3,1.9,1850,3900,1
943,27.6,6.9,8.1,3960,2,2.26,19058,22523,0
944,26.8,7,8,28222,1.8,2.54,16613,10469,0
945,25.6,7.2,7.8,201,1.3,1.59,29937,31034,0
946,26.5,7.3,8,221,1.2,2.26,16103,5289,0
952,27.8,6.7,7.5,1088,1.7,0,194,474,1
953,23.4,7.2,6.5,73,3.1,0,19,59,0
954,25.4,6.7,6.3,98,3.3,1.5,21,74,0
955,26.3,6.3,6.5,143,4,4,38,124,0
956,29,6.6,6.9,260,5.4,1,17,53,0
957,24.6,7.1,6.3,71,3.5,1,24,82,0
958,23.5,6.9,6.3,65,3.5,0,17,52,0
959,29,7.3,7.1,607,3.6,0.88,33,104,0
960,27,6.1,7,446,5.2,0.56,26,77,0
961,24,6.9,6.4,94,3.2,1.59,20,65,0
962,28.7,6.8,6.8,451,9.4,0.55,22,58,0
963,26.3,6,6.6,169,3.9,2,22,84,0
964,25.7,6.5,6.7,187,3.3,3,32,113,0
965,26.8,3.4,7.8,2577,164.9,1.5,148825783,160405392,0
966,23.3,5.5,7.2,636,9.7,4,1328,4975,0
967,22.8,4.7,7.3,1088,23.8,4,28250,56000,0
968,23.3,5.3,7.2,689,11.3,4,1350,6025,0
969,21.8,4.9,7.3,1267,23.5,3,24750,54250,0
970,24.3,5.3,7.4,852,13,4,13775,26750,0
971,23.5,4.9,7.5,977,16.5,5,12375,30500,0
972,24,4.4,7.4,1256,24.8,6,25250,55250,0
973,23.5,4.8,7.2,1021,20.3,4,22875,43700,0
974,23.3,5.1,7.3,971,14.8,5,2125,8425,0
975,22.5,4.6,7.4,1284,24.3,4,21500,50000,0
976,26,4,7.4,1096,26,3,31750,57500,0
977,25.8,4.4,7.3,1002,21.5,4,21000,43750,0
982,30.7,4.8,7.6,295,0.8,0,4,9,1
983,20.3,7.1,7.5,293,1.3,0,9,19,1
984,20.7,7.1,7.5,316,1.4,0,13,22,1
985,20.8,6.6,7.5,274,1.6,0,14,24,1
986,20.6,4.9,7.4,407,16.3,0,51,120,0
987,28,4.9,8.3,603,1,0,4,5,1
988,23.4,5.5,7.4,138,0.8,0,4,6,1
989,25.3,5.5,8.1,625,1.1,0,4,6,1
990,31.1,5,7.3,305,1.7,0,4,12,1
991,26.3,5.6,8.1,552,1.1,0,4,6,1
992,22,7.3,7.3,402,2.1,0,4,32,1
993,24.4,7.2,7.3,99,2.2,1,26,57,1
994,23.7,7.2,7.4,102,2.2,1,25,56,1
995,24.6,7.6,7.2,72,1.8,2.56,24,57,1
996,23.1,7.1,7.5,131,2.2,3.2,239,413,1
997,21.7,5.2,2.9,682,7.8,1.5,16,30,0
998,18.2,7.3,7.1,47,1.3,2,15,48,1
999,18.8,7.6,7.2,52,1.2,2,16,36,1
1000,23.8,8,6.9,64,1.8,3.38,23,49,1
1001,17.8,7.9,7.3,46,1.4,1,12,29,1
1002,18.7,7.4,7.2,53,1.9,3,14,32,1
1003,18.8,7.7,7.2,55,1.6,3,15,63,1
1004,21.3,6.8,2.7,1074,3.2,2.33,4,11,0
1005,22.6,7.1,6.5,237,3.8,4.56,674,1072,0
1006,25.2,7.8,7.2,50,1.6,1.77,20,41,1
1007,24.8,7.3,7.3,71,2,2.66,21,47,1
1008,19.9,7.3,7,91,1.8,3.3,20,45,1
1009,20.7,7.4,7.1,49,1.7,2.44,19,42,1
1010,20.6,6.5,7.1,99,2.7,3.56,1967,2722,1
1011,21.5,7.5,5.7,50,1.5,2.21,10,23,0
1012,17.7,5.8,6.9,68,3.1,4.9,197,463,0
1013,17.9,6.9,7.2,44,1.4,2.66,14,33,1
1014,23.9,7.8,7.3,93,1.9,2.99,264,444,1
1015,18,6.6,7,66,2.3,4,29,63,1
1016,18.4,7.6,7.1,53,1.7,3,23,53,1
1017,18.8,7.8,7,47,1.4,2,8,35,1
1018,24.8,7.7,7.4,128,1.6,3.32,25,56,1
1019,19.3,7.1,7,54,1.8,2.58,20,43,1
1020,20.6,7.4,7,69,1.6,3.3,17,87,1
1021,20.7,7.5,7.2,58,1.6,2.25,21,46,1
1022,18.4,3.1,7.2,401,21.8,19,22556,31444,0
1023,19.1,4.7,7.2,202,13.6,15,13444,20056,0
1024,19.7,2.1,7.2,303,37.2,18.2,39444,62333,0
1025,20.1,1.8,7.2,394,40.6,15.4,57222,96944,0
1026,17.6,7.2,6.9,55,1.7,3.04,26,56,1
1027,22.7,7.9,7.1,55,1.2,3.55,23,50,1
1028,17.9,6.9,6.9,52,2.2,3.48,1576,45,1
1029,18.9,1.9,7,306,34.2,17.9,48278,85667,0
1030,19.4,4.5,7.1,196,15.5,11,48611,43333,0
1031,23.7,7.2,7.1,107,6.7,5.56,303,476,0
1032,22.7,7.5,7,82,2.1,3.02,45,122,1
1037,27.4,6.6,7.7,165,1.7,0,280,325,1
1038,21.9,6.7,7.8,167,4.8,1,440,520,0
1039,27.5,6.6,7.7,183,3.7,1.55,415,575,0
1041,28,7.2,7.4,319,0.7,0.18,5,10,1
1042,27,6.2,8.4,894,9,0.38,140,350,0
1043,30,2.2,8,1835,17.9,0.86,10478,25478,0
1044,31,2,7.7,3165,32.3,3.44,11498,15173,0
1045,29,2.4,7.6,1500,6.2,1.31,3,13,0
1047,30,6.1,6.8,408,1.3,0.17,1300,3808,1
1048,30,5.5,6.9,143,1.3,0.09,4100,11113,0
1049,29,5.4,7.2,60,1.5,0.08,428,2309,1
1050,29,5.8,7.2,34,5.3,0.17,855,3322,0
1051,29,5.9,6.7,125,1.5,0.14,1638,5793,0
1052,28,6.4,6.7,175,1.3,0.1,772,3636,1
1053,30,6.2,7.7,39,1.3,0.06,1296,4517,1
1054,30,6.1,7.8,39,1.5,0.06,1032,5840,0
1055,27,7.3,6.9,61,0.7,0.09,1430,4388,1
1056,28,6.8,6.6,71,1.5,0.14,2495,3949,1
1057,29,7.4,6.5,129,2.3,0.49,5868,16691,0
1058,28,7,6.8,503,1.6,0.66,965,2404,1
1059,29,6.3,7.5,31,1.6,0.06,1466,4267,1
1060,29,7.1,6.8,70,0.8,0.17,716,3567,1
1061,30,7.3,6.8,69,1.2,0.12,457,2446,1
1062,28,6.7,6.6,118,1,0.22,1104,3496,1
1063,28,7.4,6.8,80,1.3,0.06,274,1404,1
1064,29,4.5,6.6,250,2.4,0.16,1572,5889,0
1065,28,6.1,6.9,74,1.8,0.19,1074,3937,1
1066,30,5.9,7.3,44,1.6,0.14,962,2794,1
1067,30,2.4,6.5,195,4.8,0.35,7980,14217,0
1068,31,4,6.8,207,1.8,0.34,818,2280,1
1069,29,5.4,7.6,40,1.6,0.07,290,1330,1
1070,30,5.3,7.6,41,1.4,0.08,952,2517,1
1071,29,7,6.9,54,0.8,0.21,667,3059,1
1072,29,5.9,7.7,44,2.1,0.08,1200,831,1
1073,29,7.1,6.5,60,1.7,0.13,2926,8163,0
1074,29,6.9,7.7,99,3.3,0.56,53,123,0
1075,30,6.6,7.9,123,3.2,0.52,44,104,0
1076,27,6.6,7.7,220,3.6,0.65,25,77,0
1077,27,6.8,7.7,219,3.4,0.63,23,75,0
1079,23,6.4,8,493,4.2,3.91,17,68,0
1080,29,6.8,7.6,100,3,0.54,124,295,0
1081,29,6.7,7.5,316,4.6,0.6,47,132,0
1082,28,5.8,7.9,37227,9.5,1.42,231,451,0
1083,29,6.9,7.7,84,3.1,0.42,69,168,0
1084,25,4.9,7.6,21254,55.5,2.18,560,964,0
1085,28,6.9,7.9,312,2.7,1.58,4,107,1
1086,29,6.8,7.5,146,3,0.6,124,241,0
1087,29,6.7,7.3,127,2.9,0.59,100,209,1
1088,29,5.6,6.9,432,4.5,1.72,58,173,0
1089,29,6.5,7.3,126,3,0.59,132,284,0
1090,30,7.1,7.5,128,3,0.6,136,297,0
1091,30,6.4,7.3,129,3.1,0.6,68,191,0
1092,29,6.9,7.7,129,2.9,0.55,135,268,1
1093,25,7,7.9,153,2.9,0.55,30,86,1
1094,30,6.4,7.6,10165,3.7,2.14,5,139,0
1095,30,6.9,7.7,307,2.8,3.6,4,123,1
1096,31,6.3,7.7,322,3.5,1.1,4,116,0
1097,30,6.5,7.5,5835,3.4,1.72,4,126,0
1098,30,6.3,7.4,9245,4.7,2,4,134,0
1099,28,6.5,8.1,1907,4,0.55,46,115,0
1100,28,7,8,1896,3.5,0.64,190,245,0
1101,28,7,8,206,2.9,0.56,31,74,1
1102,27,6.8,7.8,239,3.3,0.56,33,77,0
1103,27,6.4,7.6,152,3.2,0.96,62,142,0
1104,26,6.7,7.7,146,3,0.89,30,73,0
1105,27,6.7,7.6,137,2.9,0.76,24,64,1
1106,28,6.6,7.8,228,3.5,0.57,30,79,0
1107,23,7,7.7,409,2.4,0.93,4,112,1
1108,22,6.8,7.6,263,2.9,0.81,4,123,1
1109,23,6.9,7.5,338,2.3,3.93,4,108,1
1110,26,7,7.2,79,0.8,0.62,279,637,1
1111,26,6.6,7,67,1.1,0.53,275,670,1
1112,26,6.6,7.3,59,0.7,0.57,281,541,1
1113,26,6.2,7.3,66,0.8,0.55,303,609,1
1114,26,7.1,7,67,1,0.34,170,538,1
1115,26,7,6.7,5341,1.1,0.37,158,528,1
1116,29,6.7,7.3,89,1.1,0.35,1163,2025,1
1117,28,6.2,7.3,136,1,0.46,296,676,1
1118,28,7.1,8.1,212,0.9,0.56,524,992,1
1119,29,6.3,6.3,134,1.2,0.67,224,780,1
1120,26,7.3,7.2,76,0.6,0.31,468,893,1
1121,26,7,7.3,11041,0.9,0.29,256,503,1
1122,28,6.8,7.1,75,0.8,0.5,693,1169,1
1123,29,7.4,7.2,61,0.7,0.11,54,255,1
1124,28,1.7,6.6,769,3.4,1.11,556,1717,0
1125,26,6.1,7.5,14083,1.4,0.25,920,2686,1
1126,26,6.6,7.2,92,0.8,0.77,332,660,1
1127,25,6.6,7.2,1348,0.8,1.01,392,810,1
1128,29,6,6.7,95,1.2,0.29,253,680,1
1129,29,6.6,6.8,78,1,0.2,275,626,1
1130,28,0.6,6.7,268,4.1,1.28,400,1308,0
1131,27,1.8,6.6,82,2,0.39,399,1410,0
1132,25,7.1,7.2,61,1,0.34,251,608,1
1133,26,3.9,7.6,30298,2.5,0.59,4830,7240,0
1134,27,6.6,8,310,1.1,0.54,517,783,1
1135,27,7,7.1,97,0.8,0.35,45,77,1
1136,29,7.3,7,51,0.7,0.18,65,258,1
1137,29,0.5,7.1,1717,21.2,4.41,3317,15833,0
1138,29,7,7.4,55,0.9,0.32,800,1400,1
1139,29,6.1,6.8,67,1.1,0.58,80,394,1
1140,27,7,6.7,61,1.3,0.28,168,248,1
1141,30,5.2,6.9,81,1.5,0.37,71,465,1
1142,27,6.1,8,510,1.1,0.72,784,1572,1
1143,27,6.5,6.9,12150,1.8,0.52,711,1481,1
1144,25,7.9,7.2,50,1.1,0.3,319,845,1
1145,25,7.5,6.9,34,0.9,0.14,110,256,1
1146,26,7,7.4,72,1,0.38,496,897,1
1147,29,7.3,7.3,99,0.9,0.23,1088,1788,1
1148,27,7.5,6.9,125,1.6,0.45,970,1400,1
1149,27,6.8,6.9,116,1.7,0.4,825,1260,1
1150,27,5.8,7.3,107,0.9,0.88,232,343,1
1151,28,7.1,7.2,85,0.8,0.31,67,184,1
1152,26,6.8,7.1,58,0.7,0.46,2010,3460,1
1153,29,5.7,7.3,13197,1.5,0.35,46,144,1
1154,27,6.7,7.1,58,1.2,0.39,964,1739,1
1155,28,7,6.9,3453,0.9,0.17,56,278,1
1156,29,6.5,7,14369,1.3,0.27,63,175,1
1157,28,6.6,7.3,70,1.4,0.39,838,1875,1
1158,29,7,7.3,60,0.8,0.18,631,1813,1
1159,26,6.3,7.2,97,0.8,0.56,357,880,1
1160,28,6,7,63,1.1,1.04,243,493,1
1161,28,4.4,7.1,113,1.5,1.17,358,722,1
1162,28,4.5,7.2,79,1,1.04,279,537,1
1163,28,5.1,6.9,1789,2.1,0.68,408,1946,1
1164,27,7.5,7.2,36,1.1,0.27,282,1134,1
1165,28,6.8,7,59,1.3,0.32,648,2267,1
1166,28,6.8,6.9,114,1.4,0.23,388,1785,1
1167,28,5.9,6.8,1108,2.2,0.62,386,1520,1
1168,28,4.9,6.7,88,2.2,0.28,480,2200,1
1169,28,6.8,6.9,1686,1.4,0.25,236,1223,1
1170,28,7.1,6.9,45,1.2,0.29,451,1636,1
1171,26,6.9,6.6,56,1.1,0.3,177,542,1
1172,28,6.5,6.3,49,1,0.22,87,323,1
1173,29,4.9,6.6,169,2.1,0.76,250,1241,1
1174,28,4.2,6.5,19575,1.4,0.39,210,528,1
1175,28,6.9,7.1,63,0.9,0.16,152,336,1
1176,26,6.6,6.7,69,0.8,0.38,185,464,1
1177,29,4.5,6.6,6381,2.1,0.34,196,435,1
1178,29,6.2,7.2,9326,1.3,0.22,61,141,1
1179,27,6.6,7.1,15158,1.1,0.26,126,810,1
1180,29,6.3,7.3,74,1.2,0.29,725,1813,1
1181,27,6,7.6,429,1.1,1.1,3,362,1
1182,27,6,7.8,308,1.1,1.47,3,343,1
1183,20,5.8,7.4,505,0.6,0.73,4,1517,1
1184,24,6.1,7.5,465,0.5,0.34,4,1458,1
1185,28,6.4,7.1,183,2.3,0.62,209,398,1
1186,27,7.1,7.4,135,1.9,0.72,419,995,1
1189,22,7.8,7.9,213,1.5,0.35,7742,15083,0
1190,22,7.7,8.1,312,2,0.75,12675,32017,0
1191,24,6.9,7.6,99,1.6,1.39,3066,5395,0
1192,27,7.3,8,230,1.6,0.69,2346,4348,1
1193,26,6.8,8.1,264,2.6,1.16,2428,5142,0
1194,25,7.2,8.1,272,3.1,1.46,2196,4586,0
1195,28,8,8.3,312,1.4,0.73,1618,4319,1
1196,29,8.2,8,19595,2,0.94,624,1116,1
1197,26,7,8,199,1.8,1.11,1503,3573,1
1198,28,7.2,8.1,201,1.6,0.36,1239,2324,1
1204,27,6.8,7.5,890,2.1,0.51,274,589,1
1205,23,7.3,7.6,160,1.9,0.06,32,89,1
1206,25,7,7.7,111,2.2,0.08,53,131,1
1207,26,6.7,7.7,139,3.1,0.22,123,300,0
1208,29,7.2,7.2,288,2.1,0.14,33,91,1
1209,24,7,7.1,95,1.9,0.08,47,118,1
1210,24,7,7.5,84,1.7,0.06,32,87,1
1211,29,7.4,7,3101,15.6,0.15,76,174,0
1212,29,7.2,7.3,510,2.9,0.08,46,123,1
1213,24,7.1,7.4,88,1.8,0.07,34,90,1
1214,29,7.2,6.9,338,3.8,0.07,44,104,0
1215,26,6.7,7.6,162,3.3,0.16,90,249,0
1216,27,6.7,7.6,182,4.1,0.15,92,251,0
1217,32,0.2,7.2,2219,185.8,1.75,180000000,300000000,0
1219,21,5.5,7.4,635,8.8,5.08,1400,5500,0
1220,24,5.5,7.4,1051,25,6.8,32000,63000,0
1221,21,5.3,7.3,636,9.9,5,2150,10000,0
1222,24,5.1,7.4,993,21.9,6.63,36250,57750,0
1223,21,5.3,7.5,632,13.5,5.08,20000,34750,0
1224,18,4.9,7.4,973,17.5,4.77,22000,40667,0
1225,22,4.3,7.5,1156,24.5,7.65,33750,65000,0
1226,22,4.8,7.4,904,26,8.6,31750,55000,0
1227,21,5.1,7.4,1110,16,14.85,3475,12000,0
1228,24,5.3,7.4,1290,26.9,8.1,36250,66250,0
1229,22,4.9,7.4,990,27.8,6.78,19000,40500,0
1230,22,5.2,7.4,914,20.5,6.18,14750,29500,0
1234,33,4.8,7.5,280,2.4,0.72,3,4,1
1235,20,7.7,7.4,344,1.2,0.37,9,19,1
1236,20,7.3,7,310,1.4,0.38,13,22,1
1237,20,7.1,7.7,303,1.5,0.34,13,23,1
1239,18,6.2,7.5,788,41.5,4.08,105,235,0
1240,24,6,8.3,468,1.4,0.43,5,16,1
1241,19,5.9,7.3,234,1.5,0.36,4,12,1
1242,23,6.4,8,527,1.2,0.35,5,21,1
1243,24,5.9,7.9,796,1.5,0.48,4,14,1
1285,25,7.7,7.2,95,1.8,2.67,22,50,1
1286,25,7.6,7.2,92,2.5,2.41,20,45,1
1287,25,9.9,7.2,65,1.5,2.31,21,55,1
1288,24,7.6,7.4,93,2.1,2.89,276,408,1
1289,22,5.5,2.9,568,6.8,1.12,18,33,0
1290,16,7.6,7,42,1.3,3.01,11,27,1
1291,17,7.7,7.1,45,1.4,2.89,9,22,1
1292,23,8.3,7,59,1.7,2.86,16,33,1
1293,25,6.9,2.6,1072,3.2,1.17,3,21,0
1294,25,7.7,6.3,250,2.1,3.88,180,326,1
1295,25,8.8,7.3,37,1.5,1.62,15,35,1
1296,25,7.3,7.3,72,2,1.65,17,36,1
1297,20,7.5,7,38,1.7,2.2,18,40,1
1417,26,5.6,7,12769,1.2,0.41,725,1650,1
1298,22,7.8,7.1,44,1.6,2.62,15,33,1
1299,20,7,7,100,2.4,3.03,1967,2600,1
1300,21,7.5,6.3,52,1.7,0.82,7,21,1
1301,16,6.4,6.9,61,2.6,3.88,227,538,1
1302,17,7.5,7.1,39,1.4,2.88,12,22,1
1303,17,8,7.1,41,1.4,3.35,10,25,1
1304,24,7.9,7.3,93,1.7,5.02,295,418,1
1305,18,7.5,6.9,69,1.9,4.92,20,49,1
1306,18,7.9,7.2,46,1.7,2.72,20,45,1
1307,18,8,7.2,42,1.4,2.47,5,31,1
1308,25,7.7,7.1,101,1.5,3.42,16,43,1
1309,19,7.2,7.1,49,1.6,2.86,17,40,1
1310,21,8.2,7.1,49,1.2,2.81,15,32,1
1311,21,7.8,7.1,58,1.5,2.97,19,43,1
1312,18,3.9,7.1,235,16.9,16.61,16500,23000,0
1313,18,4.9,7.1,182,14.2,11.61,10417,15500,0
1314,19,2.7,7.1,281,35.4,14.84,41000,62667,0
1315,19,2.5,7.1,382,37.2,11.81,53083,87167,0
1316,18,8,7,48,1.4,3.8,17,41,1
1317,24,8.4,7.1,48,1.2,3.08,18,45,1
1318,17,6.8,6.6,49,1.9,3.07,18,38,1
1319,18,2.1,7,286,45.6,10.61,51250,84500,0
1320,19,4,7.1,194,22.4,10.47,29500,45250,0
1321,24,7.7,7.2,107,6.6,3.02,285,425,0
1322,22,7.6,7.1,51,2,2.6,37,81,1
1323,20,7.7,7.1,46,1.6,3.93,8,22,1
1324,20,7.7,7.1,49,1.9,3.89,11,26,1
1325,24,6.5,7.4,297,1,0.13,26,438,1
1326,24,6.3,7.5,287,0.9,0.14,5,204,1
1327,24,6.5,7.2,375,1.1,0.17,33,625,1
1328,24,6.9,6.9,349,1.1,0.18,38,503,1
1330,28,6.4,8,155,3.9,0.5,512,516,0
1331,27,6.5,8,168,4.2,0.99,488,616,0
1334,28.1,4.6,8,23576,158.8,6.88,35,46,0
1341,27.6,7.1,7.3,212,1.4,0.84,3,6,1
1342,28.2,5,8.3,12771,4.1,1.48,7,30,0
1343,28,6.7,8,304,1.5,0.18,1500,3550,1
1344,28.5,5.8,7.7,1315,2.5,0.22,1900,6800,0
1345,29.5,5.9,7.6,36593,3.9,0.07,1200,3200,0
1346,27,7.6,7.7,1291,10,0.34,23,77,0
1347,29.5,6,7.7,18865,3.6,3.12,900,2450,0
1348,27,4.3,8.4,605,6.5,1.68,5,15,0
1349,26.7,3.7,8.2,600,4.3,1.66,6,20,0
1350,27,4.6,7.2,729,4,0.33,900,2300,0
1352,28.7,6.8,6.5,43,1.1,0.42,8,178,1
1353,29.3,6.6,7,59,1.1,0.27,8,113,1
1354,28.8,6,6.2,106,1.5,0.28,9,166,1
1355,28.3,5.9,6.6,516,1.1,0.18,8,169,1
1356,25.8,7.3,6.1,87,0.9,0.33,6,169,1
1357,28.3,7.3,5.9,74,1.5,0.22,8,163,0
1358,27.8,6.7,6.3,127,2,0.44,10,149,1
1359,26,6.8,6.2,226,1.6,0.18,9,151,1
1360,27.8,7.1,5.9,93,1.8,0.28,9,131,0
1361,26.3,7.4,6.2,76,1.3,0.41,11,133,1
1362,25.7,7.3,6.2,113,1.2,0.33,9,137,1
1363,29,7.3,5.9,100,1.3,0.27,6,173,0
1364,26.9,6,5.9,273,1.8,0.31,10,171,0
1365,27,6.1,6.5,201,2,0.43,9,149,1
1366,27.5,6.2,6.3,245,1.8,0.31,7,135,1
1367,28.3,7,6.5,75,0.9,0.22,7,166,1
1368,29,7.3,6,74,1.6,0.11,8,181,0
1369,28.2,7.1,7.9,108,3.3,0.42,65,137,0
1371,27.4,7,8,129,3.5,0.49,40,105,0
1372,27.3,7,8,130,3.3,0.46,33,93,0
1373,28.5,5.7,7.4,2323,6.3,1.47,400,541,0
1374,28.4,5.9,7.6,462,4.9,2.47,23,63,0
1375,28.4,7,7.7,107,3.8,0.4,131,285,0
1376,28.9,6.2,7.4,299,5.1,0.95,209,401,0
1377,28.2,5.9,7.8,33259,6.8,1.61,114,228,0
1378,28.9,7.2,7.9,77,3.2,0.42,164,282,0
1379,27,3.2,7.4,28018,46,1.67,908,1164,0
1380,27.9,6.8,7.8,350,2.6,1.99,2,72,1
1381,26.8,6.9,7.5,133,3.2,0.55,252,409,0
1382,27.2,6.9,7.5,143,3.4,0.54,149,307,0
1383,26.8,6.1,6.9,609,4.2,3.1,65,135,0
1384,26.9,6.8,7.4,129,3.2,0.86,51,133,0
1385,26.8,6.7,7.4,130,3.2,0.75,45,124,0
1386,26.9,6.6,7.4,130,5,0.74,67,158,0
1387,26.9,6.7,7.5,120,3.6,0.73,85,226,0
1388,26.2,7.1,7.9,139,3.2,0.45,74,147,0
1389,27.4,6,7.4,13925,59.1,3.08,4,116,0
1390,26.4,6.7,7.7,274,2.3,2.04,5,88,1
1391,26.7,6.3,7.9,326,2.5,2.32,2,71,1
1392,27.3,6.3,7.9,7392,2.4,6.41,4,71,1
1393,27.4,6.3,7.7,12051,4.4,5.37,4,102,0
1394,27.6,7,8.3,162,3.8,0.48,44,90,0
1395,27.5,7,8.3,212,3.6,0.44,47,90,0
1396,27.5,7.1,8.3,227,3.2,0.48,67,124,0
1397,26.9,6.8,8.2,314,4.3,0.45,28,69,0
1398,25.9,6.8,7.8,151,3.4,0.5,601,740,0
1399,25.9,7,7.8,123,3.4,0.44,42,100,0
1400,26,6.9,7.8,139,3.3,0.76,85,169,0
1401,26.9,6.8,8.2,313,4,0.49,49,99,0
1402,24.8,6.7,7.8,215,2.5,0.83,2,51,1
1403,26.2,6.7,7.8,204,2.5,0.77,2,68,1
1404,25.3,6.9,7.7,205,2.2,0.93,2,55,1
1405,26.6,7.1,6.9,72,0.5,0.25,278,641,1
1406,26.8,6.6,6.9,70,0.9,0.49,223,495,1
1407,26.6,6.9,7.1,52,0.8,0.18,46,520,1
1408,26.8,7.2,7,830,0.8,0.16,94,654,1
1409,29.3,6.3,6.9,95,1.3,0.99,750,1325,1
1410,25.4,7.2,7.4,164,0.9,0.46,1325,2225,1
1411,25.5,6.9,7.5,231,0.8,0.55,1000,1725,1
1412,26.6,6.5,6.9,101,1.3,0.47,468,1127,1
1413,24.7,7.1,7.1,64,0.6,0.4,283,646,1
1414,24.8,7.1,7.1,4600,0.6,0.35,229,538,1
1415,28,7.5,7.2,52,0.6,0.15,285,900,1
1416,27.4,2,6.8,265,2.4,2.3,1525,5425,0
1418,27.4,7.1,7,90,0.6,0.64,338,625,1
1419,26.5,6.1,7,248,0.8,0.66,500,1150,1
1420,28.4,6,7,94,1.1,0.13,183,370,1
1421,28.8,6.5,7.5,76,0.8,0.08,275,585,1
1422,26.7,1.5,6.6,192,3.6,0.92,881,2978,0
1423,26.4,2,6.8,79,2.4,0.2,456,1275,0
1424,26.5,7.2,7.1,52,0.6,0.15,298,687,1
1425,25.5,4,7.5,25964,1.1,0.76,945,1588,1
1426,28,7.2,7.3,54,0.9,0.25,330,610,1
1427,28,0.8,7.1,1239,11.9,1.87,4250,11000,0
1428,27.9,6.4,6.5,58,1.3,0.34,255,960,1
1429,28.1,6.3,6.8,77,1.2,0.16,73,208,1
1430,28.6,5.4,6.6,80,1.6,0.27,335,775,1
1431,25.3,5.8,7.8,666,1,0.24,993,1650,1
1432,28.3,6.6,7.2,12768,1.1,0.13,88,1412,1
1433,26.1,7.7,7.2,44,1,0.28,29,148,1
1434,24.3,7.1,7,27,0.4,0.11,73,218,1
1435,26,7.3,7.2,59,0.6,0.19,160,465,1
1436,28.5,7.8,7.1,119,0.7,0.87,875,1725,1
1437,26.6,7.3,7.1,54,1.3,0.41,415,913,1
1438,26.8,7,6.6,104,1.5,0.49,500,1000,1
1439,28,6,7.2,92,0.7,0.38,765,1390,1
1440,26.2,6.8,6.6,48,0.5,0.44,1225,2025,1
1441,28.5,5.6,7.1,20455,0.6,0.58,433,675,1
1442,26.5,7,7,56,1.1,0.43,768,1725,1
1443,29.3,6.7,6.9,2531,0.5,0.22,308,465,1
1444,29.3,6.2,7.2,15362,0.8,0.39,830,1303,1
1445,27,7.3,7.2,62,0.8,0.95,525,985,1
1446,27.3,7.6,7.2,59,0.6,0.65,463,1163,1
1447,27.9,6.4,6.8,83,0.5,0.42,175,575,1
1448,27.8,7,6.6,50,0.6,0.75,295,578,1
1449,27.8,6.7,6.8,76,1.2,1.21,310,625,1
1450,28.3,6.7,6.6,64,0.9,1.35,428,838,1
1451,27.5,5.6,6.9,943,1.5,0.4,655,1925,1
1452,26.3,7.4,7,38,0.9,0.26,386,1196,1
1453,27,6.7,6.9,43,1,0.3,1043,2750,1
1454,27.4,7.1,7.3,48,1.5,0.36,595,1775,1
1455,27,6.2,6.8,309,1.6,0.39,1129,2725,1
1456,27.4,5.2,6.8,61,1.8,0.33,1123,2650,1
1457,27.3,6.8,6.9,995,1.1,0.24,349,1258,1
1458,27,6.8,6.9,52,0.9,0.45,39,198,1
1459,27.8,6.2,6.6,44,0.7,0.21,715,1630,1
1460,28.4,4.5,6.5,77,1.1,0.34,400,2675,1
1461,28.8,4,7,19279,0.9,0.03,98,233,1
1462,28.8,7,7.4,69,1,0.12,230,660,1
1463,25.9,6.5,6.8,58,0.5,0.24,303,1026,1
1464,28,4.6,6.9,98,0.6,0.11,168,348,1
1465,28.5,6.6,7.3,12327,0.6,0.71,1326,2210,1
1466,28.8,7.1,7,51,1,0.78,750,1700,1
1467,27.6,6.2,7.5,371,1.1,1.62,3,528,1
1468,27.6,6.2,7.7,316,1.3,2.41,3,312,1
1469,28.3,7.3,7.1,241,2.9,1.17,100,185,1
1470,27.5,7.7,7.4,121,1.4,0.64,378,1255,1
1471,30.5,6.5,7.3,64,1,2.6,236,420,1
1472,29.5,6.9,7.4,57,1,1.28,46,409,1
1473,22.3,7.5,8,211,1.9,0.39,3005,6858,0
1474,22.3,7.2,8,263,3.7,0.63,6625,14725,0
1475,25,7,7.6,111,1.6,0.67,1081,2743,1
1476,25.9,7.5,7.9,205,1.5,1,1615,3542,1
1477,25.9,7.1,7.7,283,2.3,1.73,2882,6692,0
1478,24.8,7.4,8,263,1.7,0.65,3113,6617,0
1479,27.5,8.1,8,300,2.3,0.45,2272,4569,1
1480,28,7.8,8,13103,2.1,0.59,277,739,1
1481,25,7.4,8,207,1.5,0.53,1356,2872,1
1482,25.8,7.2,8,198,1.4,0.57,677,1850,1
1488,28.4,6.3,7.6,830,1.8,0.24,738,2020,1
1491,24.8,5.8,7.2,732,8.5,3.83,1089,4838,0
1492,24,5.6,7.4,1322,15.3,15,16750,41500,0
1493,25,5.4,7.3,809,10,4.2,4278,8975,0
1494,23.3,5.7,7.3,1103,14.3,13.75,20250,52500,0
1495,25.8,5.7,7.5,906,24,14.18,7863,17625,0
1496,25.8,3.5,7.4,1064,20,13.2,8000,14500,0
1497,25.8,3.2,7.6,1197,27.3,19.2,20250,40250,0
1498,26,4.7,7.3,1383,32.8,16.4,14388,42875,0
1499,26,4.8,7.4,1063,16,5.03,3138,8025,0
1500,24.4,5.3,7.5,1532,18.3,15.8,27000,63500,0
1501,23.4,5.6,7.5,1269,34.5,12.15,22000,60000,0
1502,24.3,5.4,7.4,1194,22,8.3,10000,35000,0
1506,28,4.8,7.9,650,3.2,0.68,6,62,0
1507,32,5,7.3,390,2.8,0.14,4,20,1
1508,21.4,8.3,7.6,334,1,0.49,9,16,1
1509,22.3,8.2,7.7,316,1.2,0.48,11,20,1
1511,22.8,8.3,7.6,304,1.2,0.51,12,20,1
1512,21.8,5.5,7.6,743,7.6,1.02,81,166,0
1513,26.9,5.1,7.8,657,1.7,0.26,6,23,1
1551,24.4,7.8,7.2,139,1.9,0.56,263,359,1
1552,21.8,6.5,3.1,489,6.1,0.52,32,47,0
1553,20.8,7.3,7,162,2.2,0.69,2085,2633,1
1554,25.2,7.8,7.1,136,1.9,0.52,303,409,1
1555,24,7.7,7.1,205,7,0.84,303,461,0
1556,23.4,8.1,7.1,267,1,0.11,2,12,1
1557,23.4,8,7,278,1.1,0.11,3,18,1
1558,23.2,6.9,7.2,268,1.1,0.11,6,37,1
1559,23.3,6.8,7.1,286,1.3,0.11,8,29,1
1561,28.6,6.3,8,164,3.4,0.3,380,528,0
1562,28.5,6.6,7.9,196,4.4,0.8,425,648,0
1563,29.9,5.6,7.5,15608,25,18.73,5,5,0
1571,26,5.1,8.1,533,3.7,0.45,3900,7500,0
1572,27,7.1,8,555,2,0.35,7500,15000,0
1573,27,6.8,8.2,26600,3.1,0.62,9000,23000,0
1574,29.3,8.1,7.6,938,8.6,0.4,22,108,0
1575,28.4,6.2,7.8,7778,2.7,0.26,2880,6581,0
1577,28.3,3.2,7.7,885,6.3,0.51,3900,9575,0
1743,25,8.23,7.38,143,1.55,3.55,255,360,1
1749,28,6.2,7.7,176,3.5,0.2,532,592,0
1750,29,6.3,8,198,4.2,0.3,524,686,0
