STATION CODE,DO,pH,CONDUCTIVITY,BOD,NITRATE_N_NITRITE_N,TOTAL_COLIFORM
1312.0,6.4,8.1,735.0,3.4,2.0,73.0
2177.0,6.0,8.0,270.0,3.1,2.0,182.0
2182.0,5.5,7.8,355.0,4.2,9.0,133.0
2179.0,5.5,7.8,371.0,5.6,3.55,283.0
2183.0,5.7,7.9,294.0,3.2,2.69,132.0
2181.0,4.5,7.5,513.0,12.6,2.3,320.0
2180.0,5.2,7.7,475.0,10.3,1.9,343.0
1096.0,5.6,7.7,385.0,3.8,1.0,292.0
1211.0,5.2,7.8,410.0,5.2,1.5,218.0
1095.0,6.5,7.8,178.0,2.5,1.99,74.0
2160.0,6.2,7.9,749.0,3.5,1.75,80.0
2158.0,6.4,8.0,834.0,4.7,1.8,77.0
2159.0,6.2,8.0,925.0,4.2,6.9,82.0
2161.0,6.5,8.0,730.0,4.0,2.9,78.0
12.0,7.0,7.9,637.0,4.7,6.5,80.0
1209.0,6.4,8.0,656.0,3.6,1.8,82.0
2157.0,6.6,8.1,601.0,3.2,6.75,80.0
2360.0,5.5,8.1,826.0,1.7,1.0,161.0
2361.0,6.9,9.0,526.0,12.0,0.0,285.0
2362.0,5.7,8.5,575.0,13.0,0.0,700.0
2363.0,3.2,8.8,803.0,15.0,0.0,1250.0
2364.0,6.7,9.0,531.0,12.5,0.0,425.0
2356.0,4.4,8.5,656.0,13.0,0.0,500.0
2365.0,6.1,8.4,418.0,6.5,0.0,500.0
2366.0,6.6,8.2,421.0,4.0,0.0,700.0
13.0,4.1,9.1,518.0,16.5,0.0,900.0
2367.0,6.0,8.1,443.0,0.3,1.0,640.0
2368.0,5.6,8.0,462.0,0.8,1.0,5280.0
2369.0,6.1,7.9,666.0,1.8,0.84,1160.0
2370.0,5.8,6.9,290.0,1.2,2.4,628.0
1218.0,6.1,7.4,480.0,1.3,1.98,432.0
2371.0,5.9,7.0,315.0,1.2,1.29,1100.0
1062.0,9.0,7.4,242.0,2.5,0.4,1268.0
2488.0,8.0,7.4,310.0,2.7,0.1,630.0
2489.0,8.2,7.5,293.0,2.6,0.1,610.0
1145.0,7.8,7.4,320.0,3.1,0.1,630.0
2490.0,7.3,7.5,277.0,1.4,0.0,610.0
1063.0,7.9,7.9,288.0,2.9,0.2,4467.0
1066.0,7.3,7.9,276.0,3.2,0.3,5078.0
1146.0,7.9,8.2,290.0,3.0,0.2,4256.0
1067.0,7.5,8.2,307.0,3.4,0.2,4856.0
1068.0,6.3,7.7,430.0,5.5,0.3,54333.0
1147.0,8.0,7.8,213.0,3.7,0.8,8250.0
2498.0,8.2,7.8,209.0,3.6,0.8,7967.0
1046.0,8.7,8.3,385.0,3.6,1.7,29500.0
2487.0,8.4,8.3,382.0,3.9,1.8,31833.0
1049.0,8.5,8.3,404.0,4.2,2.0,32417.0
2485.0,8.4,7.7,290.0,2.5,0.4,3078.0
2486.0,8.4,7.6,299.0,2.6,0.5,6518.0
1070.0,8.3,8.2,338.0,2.9,0.0,3950.0
1071.0,7.8,8.5,385.0,4.5,0.0,47333.0
1073.0,7.7,8.5,369.0,3.9,0.0,25667.0
2502.0,8.6,8.0,290.0,1.8,0.0,125.0
1074.0,8.4,8.1,371.0,2.5,0.0,3100.0
2551.0,8.1,8.1,376.0,2.7,0.0,9350.0
1077.0,8.1,8.1,376.0,2.3,0.0,3436.0
2556.0,8.2,8.1,270.0,2.2,0.0,2033.0
2564.0,8.3,8.2,311.0,2.5,0.0,3967.0
2552.0,7.8,7.9,402.0,2.8,0.0,19091.0
1079.0,7.9,8.0,402.0,2.7,0.0,11564.0
2555.0,7.3,7.7,452.0,2.5,0.0,4573.0
2553.0,8.1,8.0,386.0,2.3,0.0,4982.0
1817.0,7.8,7.9,277.0,2.3,0.0,2770.0
1815.0,7.7,7.8,295.0,2.6,0.0,9430.0
1818.0,7.6,7.8,268.0,2.4,0.0,4411.0
2554.0,7.7,7.8,280.0,2.5,0.0,3722.0
1819.0,7.7,7.8,276.0,2.6,0.0,9044.0
1816.0,7.8,7.9,265.0,2.7,0.0,8511.0
3113.0,8.2,8.1,352.0,2.5,0.0,4683.0
3114.0,8.1,8.1,375.0,2.4,0.0,2855.0
3115.0,7.8,7.9,260.0,2.2,0.0,2529.0
3116.0,7.8,7.9,267.0,2.3,0.0,2478.0
3117.0,7.8,7.9,270.0,2.3,0.0,2844.0
3118.0,7.7,7.9,262.0,2.4,0.0,3020.0
3122.0,8.0,8.0,377.0,2.4,0.0,5073.0
3123.0,7.7,7.9,292.0,2.3,0.0,2833.0
1080.0,7.4,7.9,304.0,4.2,0.8,287833.0
2511.0,7.4,7.9,353.0,3.3,0.7,474917.0
2506.0,6.9,8.0,312.0,2.8,0.8,61283.0
1054.0,6.7,7.8,315.0,3.4,0.9,171417.0
1472.0,6.0,7.9,323.0,3.1,0.7,335000.0
1053.0,6.7,8.0,319.0,4.2,0.7,586250.0
1471.0,6.3,8.0,314.0,3.6,0.7,286083.0
1470.0,6.1,8.1,322.0,3.2,0.7,542917.0
1052.0,6.3,8.1,368.0,3.4,0.6,78083.0
1469.0,6.9,8.0,1900.0,3.7,0.8,88917.0
1260.0,7.2,7.1,216.0,1.5,1.4,5525.0
1030.0,7.7,7.2,256.0,1.4,1.5,45100.0
1262.0,6.9,7.0,273.0,1.5,2.5,26322.0
1526.0,7.5,7.0,298.0,1.3,1.7,93005.0
1031.0,7.9,7.2,236.0,1.4,2.3,134042.0
1299.0,6.0,7.3,295.0,1.1,1.9,8382.0
2069.0,8.1,7.6,210.0,0.9,1.2,123400.0
2064.0,7.3,7.1,168.0,1.6,0.4,61303.0
2067.0,7.1,7.2,289.0,1.6,1.4,8725.0
2066.0,5.1,7.0,253.0,1.5,1.4,180228.0
1194.0,6.8,8.1,160.0,3.1,2.9,387.0
36.0,6.0,8.2,262.0,5.1,1.8,1357.0
1906.0,6.7,7.6,441.0,2.9,1.5,80.0
1310.0,7.0,7.5,400.0,2.8,1.2,110.0
2187.0,6.1,8.4,551.0,5.6,2.3,1377.0
2188.0,6.2,8.3,458.0,4.6,2.3,1481.0
2190.0,6.1,8.2,413.0,5.5,1.8,1257.0
1182.0,7.5,8.0,685.0,2.1,2.3,1390.0
1889.0,7.5,8.0,808.0,1.8,2.1,1460.0
1181.0,5.9,8.3,521.0,1.5,0.4,1110.0
1170.0,7.2,8.3,916.0,1.9,0.2,1483.0
1028.0,7.1,8.2,718.0,1.9,0.2,1100.0
2781.0,6.2,8.3,513.0,1.4,0.5,1250.0
1175.0,6.7,8.1,791.0,2.6,2.0,611.0
1465.0,5.7,8.7,1072.0,1.6,1.2,122.0
1786.0,6.8,7.9,726.0,0.9,0.6,1875.0
1787.0,7.0,7.8,669.0,0.6,0.4,1613.0
25.0,7.2,8.0,669.0,0.7,0.7,1750.0
3083.0,6.8,8.2,818.0,2.9,2.0,860.0
1782.0,5.5,7.6,14804.0,0.7,0.7,1450.0
1553.0,7.7,7.5,465.0,1.2,0.2,19.0
1554.0,7.5,7.8,331.0,1.5,0.2,21.0
2495.0,4.0,7.7,196.0,8.3,0.0,73727.0
2494.0,3.7,7.5,273.0,9.2,0.0,117273.0
2493.0,4.5,7.5,281.0,7.0,0.0,65000.0
1069.0,8.1,8.2,522.0,2.4,1.8,5975.0
1893.0,5.4,7.7,394.0,1.0,0.1,3600.0
1199.0,5.8,7.7,298.0,1.0,0.1,3533.0
1166.0,6.3,8.2,573.0,2.9,0.6,2950.0
1165.0,6.9,7.3,1560.0,7.3,9.1,788.0
2778.0,6.6,7.7,1049.0,4.3,1.3,1012.0
1196.0,4.4,7.8,467.0,3.8,0.5,4550.0
2772.0,5.7,7.9,370.0,2.2,0.4,1744.0
1207.0,6.7,7.7,78.0,0.4,0.8,96.0
1197.0,7.2,7.5,219.0,1.1,0.3,1478.0
41.0,7.2,7.9,299.0,1.4,0.3,1357.0
1445.0,7.2,7.9,266.0,1.3,0.3,1345.0
2775.0,5.5,7.7,282.0,2.3,0.3,2717.0
1208.0,7.4,7.7,138.0,0.7,0.2,408.0
1201.0,8.1,7.7,108.0,0.7,0.3,37848.0
1204.0,7.5,7.7,207.0,1.1,0.3,20942.0
1321.0,7.2,7.9,161.0,1.9,0.2,32509.0
1205.0,6.3,8.1,555.0,1.5,0.4,35738.0
3019.0,7.2,7.9,304.0,1.8,0.3,42583.0
3020.0,5.9,8.1,442.0,0.9,0.2,24552.0
3021.0,6.4,8.1,481.0,0.9,0.2,44153.0
1510.0,8.9,7.1,133.0,0.3,0.3,9.0
2620.0,7.9,7.5,295.0,0.6,1.5,22.0
2626.0,7.7,7.7,302.0,1.1,0.3,20.0
2627.0,7.5,7.7,348.0,1.4,0.3,20.0
2621.0,7.9,7.3,242.0,0.7,1.5,17.0
2622.0,8.1,7.6,508.0,1.1,0.4,17.0
2623.0,7.9,7.6,467.0,1.4,0.3,17.0
2617.0,9.3,6.9,82.0,0.2,0.3,8.0
2618.0,9.3,6.9,86.0,0.3,0.4,8.0
2619.0,9.0,7.0,163.0,0.3,0.3,9.0
1358.0,1.1,7.4,1499.0,75.6,0.6,250000.0
1357.0,0.8,7.4,586.0,24.0,0.0,8150.0
1143.0,6.4,7.6,576.0,2.8,2.0,211.0
1735.0,6.7,8.5,218.0,3.0,0.0,13310.0
1356.0,7.1,8.1,386.0,3.2,0.0,15300.0
2955.0,5.6,7.8,317.0,0.8,0.6,5.0
1288.0,6.0,7.9,301.0,0.8,0.4,5.0
1289.0,5.9,8.4,546.0,2.0,0.6,642.0
1413.0,5.3,8.2,608.0,1.3,0.7,14.0
2954.0,5.2,8.2,556.0,1.0,0.6,10.0
1367.0,0.0,7.3,1507.0,40.0,45.5,1600.0
2953.0,5.4,8.0,489.0,0.9,0.6,7.0
2956.0,5.2,8.3,587.0,0.9,0.5,6.0
2117.0,5.4,7.6,607.0,5.2,3.3,633.0
2950.0,6.2,7.7,404.0,1.2,0.5,6.0
2952.0,2.4,8.2,1596.0,7.3,0.9,883.0
2946.0,5.6,8.0,265.0,0.9,0.5,6.0
1947.0,7.5,7.4,86.0,2.0,0.5,6700.0
2229.0,6.5,7.3,195.0,1.7,0.8,1530.0
2231.0,7.1,7.1,287.0,1.3,1.4,2320.0
2232.0,8.1,6.7,58.0,1.3,0.4,4598.0
2233.0,7.7,6.6,177.0,1.3,1.6,29558.0
2234.0,7.7,6.9,157.0,1.2,1.3,11818.0
2236.0,7.3,6.5,138.0,1.7,0.6,615.0
2238.0,5.8,7.1,220.0,1.3,1.6,1133.0
2239.0,5.3,6.8,132.0,2.3,0.8,62780.0
2240.0,6.2,6.8,138.0,1.6,1.3,2975.0
2241.0,6.3,6.8,136.0,1.0,1.4,31975.0
2242.0,4.9,6.8,177.0,1.7,1.8,6740.0
2523.0,6.7,7.4,166.0,3.0,0.3,344500.0
2524.0,7.6,7.6,141.0,2.4,0.3,15667.0
2235.0,7.7,7.0,355.0,0.8,1.4,5628.0
1064.0,6.9,8.0,391.0,4.1,0.3,5256.0
1065.0,6.2,7.9,316.0,5.1,0.3,5056.0
2482.0,8.0,8.0,305.0,2.6,0.0,5758.0
2483.0,3.3,8.4,508.0,36.5,0.0,224167.0
1361.0,7.3,13.2,237.0,3.7,0.1,4427.0
2484.0,7.8,8.2,298.0,2.9,0.0,10192.0
1350.0,8.7,8.1,392.0,2.7,1.3,1879.0
1351.0,8.0,8.0,454.0,3.3,1.6,3900.0
1352.0,2.6,7.6,568.0,9.5,4.0,118300.0
1353.0,7.7,8.2,323.0,3.3,0.0,16333.0
1072.0,7.8,8.1,306.0,3.0,0.0,11283.0
2491.0,7.5,8.0,478.0,3.4,0.4,1175.0
1363.0,7.1,8.1,438.0,2.8,0.3,494.0
1354.0,9.2,7.7,187.0,2.7,0.7,7258.0
1355.0,7.7,8.1,488.0,2.9,0.3,455.0
2492.0,7.5,8.1,529.0,3.4,0.4,1177.0
1076.0,8.6,8.2,260.0,2.2,0.0,2433.0
1359.0,7.6,8.1,286.0,2.4,0.6,2367.0
1360.0,7.9,8.1,281.0,2.3,0.6,2633.0
1075.0,8.1,8.1,232.0,1.9,0.0,1533.0
3121.0,8.2,7.6,250.0,2.1,0.0,1567.0
3127.0,8.3,8.0,252.0,2.2,0.0,1580.0
3128.0,7.7,7.8,298.0,2.2,0.0,2167.0
1078.0,8.6,8.1,238.0,2.0,0.0,1557.0
2568.0,8.4,8.1,247.0,1.8,0.0,1305.0
2570.0,7.9,8.0,302.0,2.1,0.0,2317.0
3124.0,16.3,8.1,269.0,2.0,0.0,1655.0
3125.0,8.0,7.4,346.0,2.0,0.0,1180.0
2575.0,6.5,7.5,319.0,3.5,0.0,5025.0
1820.0,4.2,7.3,418.0,7.1,0.0,7640.0
3134.0,4.3,7.1,450.0,30.0,0.0,6333.0
2562.0,8.0,8.0,290.0,2.4,0.0,3250.0
2558.0,4.4,7.2,370.0,4.7,0.0,4450.0
3126.0,8.1,8.1,228.0,1.8,0.0,1257.0
2567.0,8.6,8.1,338.0,2.1,0.0,950.0
2569.0,7.9,7.8,319.0,2.2,0.0,1840.0
3133.0,8.8,8.2,340.0,2.0,0.0,900.0
2563.0,5.6,7.4,330.0,3.5,0.0,5560.0
2565.0,7.0,7.4,184.0,2.0,0.0,1989.0
2566.0,7.1,7.6,211.0,2.0,0.0,2175.0
3137.0,7.1,7.4,215.0,2.1,0.0,1880.0
1821.0,7.8,7.8,326.0,2.4,0.0,2983.0
2560.0,5.4,7.5,404.0,3.3,0.0,5883.0
2561.0,7.7,7.8,333.0,2.3,0.0,2650.0
3129.0,4.5,7.2,289.0,5.3,0.0,3033.0
1823.0,7.3,7.8,288.0,2.8,0.0,4000.0
1824.0,7.0,7.4,251.0,2.5,0.0,3157.0
2559.0,2.1,6.9,461.0,8.6,0.0,14367.0
3130.0,7.2,7.6,299.0,2.2,0.0,2750.0
1822.0,2.1,7.2,457.0,11.0,0.0,16000.0
3132.0,8.0,7.9,276.0,1.7,0.0,2333.0
3135.0,8.4,7.9,306.0,2.0,0.0,1400.0
3119.0,7.9,7.8,300.0,2.2,0.0,2467.0
3120.0,8.0,7.9,289.0,2.1,0.0,1650.0
3136.0,2.1,7.3,432.0,9.7,0.0,12550.0
1023.0,5.8,7.2,640.0,6.0,4.3,4073.0
1024.0,4.8,7.6,1090.0,22.0,3.6,52500.0
1295.0,5.5,7.3,705.0,10.0,5.0,5433.0
1473.0,5.1,7.4,1375.0,23.7,5.9,50333.0
1698.0,5.5,7.4,745.0,10.0,6.1,29333.0
1699.0,5.0,7.6,975.0,16.3,6.1,21667.0
1700.0,4.9,7.7,1385.0,27.5,7.7,72000.0
1701.0,5.0,7.3,1067.0,19.3,6.2,39533.0
1702.0,5.3,7.2,970.0,13.3,5.9,7133.0
1703.0,4.9,7.7,1418.0,21.0,4.2,49500.0
1704.0,4.1,7.5,1015.0,23.0,6.1,57500.0
1705.0,4.8,7.4,854.0,17.0,4.7,38000.0
1718.0,4.0,6.8,370.0,3.0,0.8,9.0
1871.0,7.8,7.8,376.0,1.3,0.4,17.0
2624.0,7.7,7.7,354.0,1.3,0.3,22.0
2625.0,7.6,7.9,344.0,1.6,0.4,22.0
1870.0,4.4,7.1,694.0,41.0,1.2,224.0
2947.0,5.9,8.0,401.0,0.9,0.7,15.0
1717.0,6.0,7.2,106.0,0.8,0.4,15.0
2948.0,5.6,7.9,326.0,1.1,0.8,4.0
2949.0,6.2,8.1,592.0,1.0,0.7,6.0
2651.0,6.6,7.8,95.0,4.9,0.2,36.0
1461.0,6.9,7.9,99.0,5.0,0.4,34.0
2653.0,6.8,7.7,85.0,5.2,0.3,23.0
2654.0,6.7,7.8,80.0,4.9,0.3,29.0
1092.0,5.1,7.3,3937.0,10.3,1.8,83.0
2670.0,5.6,7.9,468.0,3.6,1.9,164.0
1152.0,6.4,7.6,541.0,5.7,0.6,45.0
2198.0,5.5,7.4,6166.0,7.7,1.1,67.0
2671.0,5.3,7.7,24062.0,9.9,1.2,304.0
2672.0,6.7,7.6,83.0,4.8,0.2,76.0
2168.0,3.6,7.4,4424.0,31.3,2.2,474.0
1151.0,5.9,7.4,268.0,6.4,0.4,68.0
1462.0,5.4,7.5,2413.0,7.4,1.5,116.0
2685.0,5.8,7.3,384.0,5.4,0.6,78.0
2686.0,5.9,7.4,269.0,5.1,1.2,60.0
2687.0,6.0,7.3,269.0,8.5,0.4,58.0
2688.0,6.1,7.3,196.0,6.1,0.5,63.0
2689.0,5.9,7.4,269.0,6.4,0.4,47.0
2696.0,6.3,7.8,223.0,4.6,0.9,32.0
2706.0,6.8,7.9,5390.0,4.9,0.8,28.0
2707.0,6.6,8.1,161.0,4.6,0.3,32.0
2708.0,6.7,8.0,138.0,5.0,0.3,33.0
2709.0,6.7,7.8,81.0,4.9,0.3,35.0
1093.0,5.9,7.7,194.0,5.5,0.6,51.0
1094.0,6.3,7.6,186.0,4.6,0.6,31.0
2162.0,6.6,7.6,207.0,4.7,0.7,31.0
2712.0,6.8,7.7,85.0,5.0,0.4,34.0
1189.0,3.7,7.9,453.0,7.5,2.2,1468.0
2655.0,5.8,8.1,523.0,5.7,2.1,1529.0
2656.0,5.9,7.9,524.0,11.1,3.0,609.0
1190.0,3.3,7.7,424.0,13.7,3.1,1800.0
1191.0,5.3,8.0,720.0,7.2,2.9,1700.0
1192.0,5.4,8.0,755.0,7.2,3.2,1675.0
1188.0,6.4,8.2,991.0,5.3,2.0,1425.0
28.0,6.2,8.2,1010.0,5.1,2.3,1529.0
1183.0,6.8,8.4,949.0,3.8,0.3,1600.0
1184.0,6.7,14.7,917.0,3.0,0.2,1542.0
1167.0,7.6,8.1,834.0,2.1,0.2,1600.0
1888.0,6.4,8.4,874.0,3.0,0.3,1483.0
1399.0,5.7,7.2,189.0,2.0,0.2,8391.0
1475.0,6.3,6.9,179.0,1.7,0.1,5330.0
3181.0,5.8,6.9,64.0,3.8,0.5,8443.0
3182.0,5.8,7.3,83.0,1.9,0.4,5500.0
1400.0,5.5,7.4,81.0,1.5,0.1,4049.0
1476.0,6.1,6.7,308.0,1.4,0.3,5672.0
3185.0,6.4,6.7,414.0,1.0,0.2,9423.0
3186.0,6.4,7.6,305.0,2.2,0.1,4990.0
3187.0,6.3,7.6,77.0,2.3,0.1,4301.0
1543.0,7.1,7.1,176.0,1.2,0.1,7817.0
1548.0,6.7,6.4,93.0,1.4,0.1,3433.0
2276.0,7.4,6.8,121.0,1.7,0.4,18125.0
2275.0,6.9,7.0,620.0,1.1,0.1,6300.0
3189.0,6.0,7.5,72.0,1.6,0.2,9517.0
1546.0,7.3,7.0,247.0,1.5,0.2,2453.0
2270.0,7.3,7.0,188.0,1.0,0.1,3048.0
2272.0,7.0,6.9,224.0,1.2,0.3,6742.0
1545.0,7.3,6.7,144.0,1.5,0.1,3052.0
2274.0,5.3,6.8,319.0,1.8,0.3,10250.0
2271.0,6.3,6.4,79.0,1.6,1.4,12842.0
2273.0,5.4,7.6,39.0,1.4,0.1,6367.0
3183.0,2.2,6.5,322.0,4.7,1.2,14920.0
3184.0,5.2,7.1,192.0,2.6,0.3,8925.0
3190.0,5.6,7.5,282.0,1.8,0.1,5082.0
3191.0,5.5,7.4,275.0,1.5,0.1,8625.0
1547.0,7.3,6.7,55.0,1.4,0.1,4003.0
3188.0,6.5,7.5,415.0,2.0,0.1,1538.0
1544.0,7.2,6.3,100.0,1.5,0.1,13575.0
2673.0,6.6,7.9,1610.0,4.7,0.4,107.0
2374.0,5.8,8.2,498.0,1.3,2.0,102.0
2375.0,5.2,8.2,555.0,1.6,2.9,158.0
1781.0,6.3,8.4,451.0,0.8,0.9,90.0
1157.0,6.6,8.4,427.0,1.0,1.0,82.0
1891.0,7.0,7.8,543.0,2.3,1.3,1400.0
2719.0,5.1,8.1,369.0,11.3,1.1,220.0
2720.0,6.0,8.2,403.0,8.9,1.0,130.0
2721.0,6.2,8.2,458.0,8.9,2.2,140.0
2174.0,5.1,8.2,577.0,10.7,2.3,140.0
2156.0,5.4,8.1,678.0,10.6,2.7,80.0
1212.0,5.7,8.2,498.0,8.9,2.1,70.0
1213.0,7.4,7.4,450.0,2.2,0.4,67.0
1214.0,7.3,8.0,386.0,2.3,1.0,95.0
3330.0,7.7,8.1,292.0,1.5,4.8,36.0
1910.0,4.8,8.3,482.0,10.8,6.0,277.0
2173.0,5.9,8.1,341.0,9.1,1.2,132.0
2172.0,5.3,8.2,273.0,9.6,1.7,180.0
2175.0,6.2,8.2,393.0,9.1,2.4,170.0
2176.0,5.3,8.2,388.0,10.6,1.2,240.0
11.0,5.7,8.2,366.0,8.6,0.9,280.0
1908.0,5.5,8.2,607.0,10.4,2.9,193.0
3312.0,7.4,7.7,403.0,2.1,0.3,127.0
1909.0,4.8,8.2,477.0,10.5,6.7,221.0
2170.0,5.5,8.2,534.0,10.1,2.7,157.0
2171.0,5.1,8.2,523.0,11.1,2.7,222.0
1913.0,4.7,8.4,940.0,15.1,11.5,273.0
2700.0,4.2,8.4,685.0,13.0,8.4,420.0
1315.0,5.1,8.3,435.0,9.7,2.5,231.0
2372.0,6.9,7.5,469.0,0.8,0.5,1100.0
2657.0,6.5,7.7,1127.0,5.7,0.3,108.0
2660.0,5.2,7.9,306.0,4.5,2.2,136.0
2661.0,4.7,7.9,262.0,3.4,1.2,106.0
2662.0,5.5,8.0,247.0,3.7,1.1,104.0
2663.0,5.4,8.1,244.0,3.6,1.0,117.0
2664.0,4.9,7.9,272.0,3.4,0.6,155.0
2697.0,5.8,8.3,506.0,8.5,2.6,34.0
2698.0,5.1,8.3,534.0,9.5,3.2,50.0
2699.0,4.9,8.4,966.0,12.8,11.7,247.0
2722.0,5.2,8.3,432.0,9.8,2.3,186.0
2723.0,4.7,8.2,432.0,11.2,2.3,246.0
1185.0,7.0,8.0,736.0,1.5,4.9,1250.0
1163.0,7.1,7.9,447.0,1.5,1.0,1040.0
1187.0,6.8,7.4,237.0,4.5,0.2,1460.0
1164.0,6.6,7.7,371.0,1.2,0.6,1080.0
1186.0,6.9,8.0,1004.0,3.3,2.1,1390.0
2764.0,7.1,7.9,1017.0,4.0,1.5,1350.0
38.0,7.2,7.9,286.0,2.4,0.1,157.0
1029.0,7.0,8.0,415.0,2.9,0.3,191.0
29.0,7.2,7.9,613.0,1.9,0.2,1542.0
2768.0,6.5,7.9,536.0,6.0,0.4,386.0
2769.0,6.5,7.9,398.0,4.0,0.2,288.0
2770.0,6.7,8.0,383.0,3.6,0.2,279.0
2776.0,7.2,8.1,448.0,1.9,0.2,1425.0
2766.0,7.2,7.9,313.0,2.7,0.1,152.0
2767.0,7.2,7.9,290.0,2.9,0.1,133.0
1174.0,7.1,8.1,956.0,2.2,2.5,544.0
1785.0,6.9,8.2,999.0,3.0,3.1,620.0
1168.0,6.0,7.8,166.0,3.5,0.2,734.0
1896.0,6.4,8.0,219.0,3.3,0.3,291.0
1091.0,5.5,13.7,223.0,1.0,0.1,2946.0
1387.0,5.8,7.7,245.0,4.2,0.2,1542.0
1169.0,6.0,7.8,226.0,3.3,0.2,302.0
2765.0,6.5,8.0,154.0,2.0,0.2,130.0
2771.0,5.5,7.4,185.0,1.0,0.1,2064.0
3082.0,5.4,8.2,1062.0,2.1,2.6,67.0
1178.0,6.9,8.0,838.0,0.9,0.6,1450.0
1177.0,6.6,8.3,905.0,0.7,0.5,1400.0
1895.0,6.9,8.3,596.0,2.6,0.3,1425.0
2777.0,6.8,8.4,575.0,2.6,0.4,1483.0
2349.0,4.8,7.9,1868.0,5.6,10.3,181.0
2351.0,6.8,7.8,648.0,3.6,5.0,554.0
2763.0,7.0,8.1,734.0,1.3,0.9,1460.0
1549.0,7.3,7.2,46.0,1.2,1.23,413.0
2269.0,7.1,6.7,48.0,1.4,0.26,12640.0
3175.0,7.4,6.9,80.0,0.8,0.0,329.0
3176.0,4.1,6.7,141.0,2.0,1.0,7894.0
3177.0,2.7,6.4,137.0,2.2,0.77,4719.0
3178.0,5.9,6.6,110.0,2.7,1.0,12638.0
3179.0,1.3,6.6,350.0,2.9,0.0,32714.0
3180.0,4.9,6.5,148.0,2.8,1.05,4218.0
1343.0,6.5,8.6,649.0,21.8,4.0,2487.0
1344.0,7.03,8.1,320.0,29.5,3.23,12400.0
1345.0,7.8,8.0,2225.0,5.5,2.0,2448.0
1346.0,6.4,8.0,23125.0,4.8,2.0,178.0
1975.0,6.8,8.0,1870.0,13.0,1.0,29.0
1976.0,7.1,7.5,2100.0,21.0,1.0,95.0
1979.0,5.9,7.8,1453.0,7.3,6.45,7.0
1971.0,2.4,8.0,351.0,6.6,6.22,959.0
1373.0,8.3,8.3,270.0,2.1,3.0,87.0
1374.0,9.1,8.0,461.0,5.5,1.06,363.0
1466.0,5.8,7.7,872.0,1.9,12.0,170.0
2128.0,7.6,7.5,408.0,2.0,1.92,55.0
2129.0,6.8,7.5,428.0,2.1,2.0,82.0
2135.0,7.5,7.4,59.0,3.1,5.0,364.0
2136.0,7.6,7.9,680.0,6.4,17.0,382.0
2137.0,8.2,8.3,263.0,2.3,3.0,97.0
2138.0,8.2,8.2,277.0,2.2,2.0,88.0
2139.0,7.1,8.1,273.0,2.2,4.0,94.0
2140.0,7.3,7.9,301.0,1.8,6.66,93.0
2141.0,4.4,7.7,464.0,4.4,12.0,260.0
3299.0,7.3,7.9,502.0,7.6,2.0,121.0
3300.0,7.4,7.7,495.0,5.0,3.0,200.0
3301.0,6.9,7.5,448.0,4.3,2.0,49.0
1285.0,5.3,8.2,572.0,1.5,1.0,65.0
1286.0,4.6,8.4,1463.0,3.2,1.0,557.0
1414.0,4.7,8.2,321.0,1.5,1.0,242.0
1481.0,5.0,8.4,583.0,1.2,1.0,12.0
1714.0,8.4,8.3,300.0,1.0,2.0,21.0
1716.0,5.7,8.0,295.0,1.1,1.0,9.0
2935.0,4.5,7.9,483.0,1.5,1.0,15.0
2936.0,5.0,8.0,314.0,1.9,2.0,7.0
2937.0,5.1,7.9,266.0,0.9,1.08,7.0
2938.0,5.0,8.6,604.0,1.2,2.29,11.0
2939.0,4.9,8.6,593.0,1.1,1.0,7.0
2940.0,4.4,8.1,538.0,1.2,1.0,14.0
2941.0,5.6,8.4,591.0,1.1,3.0,8.0
2942.0,5.8,8.5,588.0,1.2,3.0,6.0
2943.0,4.1,7.9,1133.0,2.3,2.0,67.0
2944.0,3.5,8.9,2004.0,6.5,1.0,248.0
1342.0,6.7,7.5,85.0,1.4,1.0,420.0
1443.0,5.8,7.4,77.0,1.4,0.8,691.0
3465.0,6.6,7.5,75.0,1.4,0.7,448.0
3466.0,6.7,7.5,82.0,1.4,1.0,443.0
2297.0,6.7,6.9,56.0,0.9,0.2,172.0
2319.0,6.5,6.7,2240.0,1.2,0.2,304.0
2286.0,6.3,6.9,73.0,1.6,0.0,2008.0
2331.0,7.0,7.4,130.0,0.7,0.1,590.0
2332.0,6.6,7.7,191.0,1.6,0.2,661.0
1154.0,6.9,6.9,134.0,1.1,0.4,531.0
20.0,7.0,7.5,80.0,0.8,0.4,3583.0
21.0,6.7,7.4,14526.0,0.8,0.6,1969.0
3464.0,7.2,7.4,82.0,0.7,0.5,1311.0
1572.0,7.5,7.2,67.0,1.1,0.1,590.0
1573.0,3.0,6.6,965.0,1.7,1.2,530.0
2295.0,5.9,7.4,17990.0,0.7,0.5,2803.0
1564.0,6.7,7.5,90.0,1.6,0.9,473.0
2287.0,6.1,7.4,4429.0,2.0,1.6,550.0
1566.0,6.7,6.9,87.0,1.7,0.2,350.0
2293.0,6.9,6.8,85.0,1.6,0.2,206.0
2337.0,2.1,6.8,101.0,1.6,0.8,694.0
2338.0,2.5,6.9,83.0,1.9,0.3,656.0
42.0,7.2,7.6,75.0,1.4,1.0,426.0
2294.0,3.7,7.7,32005.0,1.2,0.9,60392.0
3460.0,6.1,7.6,281.0,1.2,0.7,718.0
3458.0,6.7,7.6,106.0,0.5,2.5,71.0
1571.0,7.6,7.1,58.0,1.2,0.1,961.0
1155.0,1.9,7.7,2941.0,26.9,2.8,37375.0
3471.0,7.4,7.0,35.0,0.1,0.0,409.0
2289.0,6.4,7.2,63.0,1.3,0.4,535.0
2301.0,5.4,6.7,65.0,1.1,0.3,144.0
2291.0,5.6,7.3,90.0,1.6,0.4,705.0
2326.0,7.1,8.0,728.0,1.2,0.4,697.0
1569.0,5.9,6.8,13953.0,1.5,0.4,166.0
2298.0,7.4,6.9,57.0,1.1,0.3,159.0
1567.0,7.2,7.2,41.0,0.7,0.2,658.0
1568.0,6.5,7.4,71.0,0.6,0.3,7018.0
2285.0,6.8,7.1,81.0,0.8,0.0,1268.0
1340.0,6.8,6.9,68.0,1.7,0.1,660.0
1384.0,6.6,7.0,70.0,1.4,0.1,822.0
3459.0,6.4,7.7,100.0,0.6,0.9,88.0
2307.0,7.3,6.9,96.0,1.9,0.2,825.0
1339.0,6.8,6.6,49.0,0.5,0.4,2950.0
2304.0,5.6,7.2,24360.0,2.1,0.3,447.0
43.0,6.9,6.8,59.0,0.6,0.5,3375.0
2302.0,7.1,6.8,14410.0,1.8,0.1,468.0
1570.0,6.2,7.2,22757.0,1.5,0.1,542.0
1563.0,6.7,7.1,66.0,0.6,0.0,626.0
2284.0,7.2,7.0,59.0,0.6,0.0,433.0
2288.0,6.0,7.6,120.0,1.3,1.1,523.0
1156.0,5.2,6.8,55.0,0.6,0.7,313.0
1341.0,4.8,6.8,86.0,0.7,0.8,332.0
1565.0,3.9,6.9,62.0,0.5,0.7,284.0
17.0,5.0,6.9,3185.0,1.8,0.4,667.0
18.0,7.0,7.0,36.0,1.1,0.2,541.0
1338.0,6.3,6.9,64.0,1.2,0.3,815.0
2333.0,6.2,6.9,86.0,1.3,0.2,1007.0
2334.0,5.7,6.8,2640.0,1.9,0.5,759.0
2335.0,5.7,6.9,53.0,3.1,0.4,1205.0
2336.0,6.6,7.1,2007.0,1.3,0.2,785.0
3468.0,6.6,7.0,46.0,1.3,0.3,472.0
2300.0,6.5,6.5,43.0,0.9,0.4,188.0
2303.0,6.7,6.3,54.0,0.9,0.1,610.0
2290.0,4.3,7.2,113.0,1.8,0.4,796.0
2299.0,4.6,6.7,12561.0,1.5,0.6,171.0
2305.0,7.7,6.9,61.0,1.6,0.0,554.0
2296.0,5.8,6.5,61.0,1.0,0.4,151.0
2292.0,4.5,6.9,1614.0,2.1,0.6,230.0
2306.0,6.9,7.2,20950.0,1.3,0.2,643.0
3473.0,6.6,7.0,14487.0,0.9,0.3,103.0
1442.0,6.9,7.5,54.0,0.6,0.0,1633.0
1448.0,5.5,7.6,569.0,1.3,0.9,141.0
2352.0,5.4,7.8,310.0,0.8,2.4,107.0
3080.0,7.1,7.8,516.0,0.7,0.5,1238.0
3081.0,6.9,8.0,505.0,0.9,0.7,1563.0
1444.0,7.3,7.3,109.0,2.4,3.4,65.0
2780.0,7.5,7.5,83.0,2.1,2.0,74.0
1894.0,6.4,7.2,102.0,1.0,0.0,1223.0
1892.0,6.5,7.1,92.0,1.0,0.0,1342.0
2423.0,7.7,7.9,232.0,1.3,0.8,40500.0
2424.0,7.5,7.8,519.0,2.1,0.7,53556.0
2425.0,7.3,7.2,103.0,0.7,1.7,13810.0
2422.0,7.4,7.9,196.0,0.7,0.6,15213.0
1642.0,7.4,7.8,244.0,1.9,1.0,12473.0
1643.0,7.5,8.0,243.0,1.7,0.9,30319.0
1455.0,7.2,8.0,296.0,1.5,0.7,4314.0
1456.0,6.6,7.8,25034.0,1.5,0.9,4224.0
2426.0,7.5,7.9,194.0,1.0,1.0,8559.0
2427.0,7.4,7.9,170.0,0.8,0.9,16709.0
1450.0,6.5,7.4,1063.0,2.0,0.6,374.0
1159.0,6.8,6.6,63.0,2.9,0.1,36.0
1160.0,6.6,6.4,101.0,2.5,0.2,41.0
1161.0,6.6,6.5,136.0,2.5,0.2,45.0
1162.0,6.7,6.9,226.0,2.2,0.2,38.0
1328.0,6.7,6.3,72.0,2.7,0.2,32.0
1329.0,6.7,6.4,61.0,4.6,0.1,34.0
1330.0,6.6,7.2,1300.0,2.7,0.2,60.0
3025.0,6.7,7.0,461.0,2.5,0.1,51.0
3026.0,6.6,6.2,69.0,2.5,0.1,38.0
3027.0,6.8,6.9,241.0,2.5,0.1,48.0
3028.0,6.5,6.6,159.0,2.4,0.2,41.0
3029.0,6.6,6.7,170.0,2.5,0.2,34.0
3023.0,0.9,7.6,2039.0,104.5,0.9,511090873.0
3383.0,7.2,7.5,119.0,2.3,3.8,74.0
3384.0,7.2,7.5,120.0,2.3,4.1,67.0
3380.0,7.5,7.3,82.0,1.8,2.8,70.0
1632.0,7.5,7.5,111.0,2.4,3.0,506.0
1428.0,5.3,3.3,831.0,7.7,3.2,36.0
3369.0,7.2,7.2,56.0,1.7,2.6,42.0
3370.0,7.5,7.2,66.0,1.6,2.5,44.0
3371.0,7.8,7.0,74.0,2.3,4.3,108.0
3375.0,6.7,2.7,1350.0,3.3,1.1,16.0
3376.0,7.3,6.6,274.0,2.5,2.4,386.0
3381.0,7.4,7.3,67.0,1.8,2.5,55.0
3382.0,7.2,7.4,82.0,2.0,2.8,61.0
3377.0,7.3,7.1,55.0,1.9,2.5,53.0
3378.0,7.3,7.1,57.0,2.0,2.4,50.0
1631.0,6.6,7.1,114.0,2.6,2.8,3108.0
3379.0,7.3,5.6,56.0,1.8,2.1,34.0
3367.0,5.1,7.0,105.0,3.6,4.7,780.0
3368.0,7.3,7.1,51.0,1.6,2.4,40.0
3372.0,7.7,7.2,50.0,1.6,2.0,36.0
1633.0,7.6,7.3,115.0,2.1,3.7,528.0
3353.0,6.2,7.0,81.0,2.4,5.1,79.0
3354.0,7.2,7.1,66.0,1.9,3.4,63.0
3355.0,7.4,7.1,57.0,1.5,2.9,40.0
3356.0,7.5,7.4,144.0,1.7,3.5,59.0
3350.0,7.1,7.1,63.0,1.9,5.6,48.0
3351.0,7.3,7.2,65.0,1.9,3.3,48.0
3352.0,7.3,7.3,65.0,2.0,3.0,54.0
3359.0,1.5,6.9,345.0,33.9,16.9,34251.0
3360.0,3.9,7.1,233.0,17.0,10.5,22223.0
3361.0,1.0,7.2,376.0,57.2,20.3,83554.0
3362.0,0.9,7.2,506.0,61.1,19.6,106333.0
3357.0,7.2,7.0,66.0,1.9,3.7,60.0
3358.0,7.7,7.2,62.0,1.6,3.0,59.0
3363.0,7.3,6.9,61.0,2.2,2.0,52.0
3364.0,1.2,7.1,380.0,45.7,15.6,94083.0
3365.0,3.2,7.1,258.0,23.5,10.3,54083.0
1427.0,7.2,7.2,124.0,6.9,4.5,552.0
3366.0,7.2,7.1,65.0,2.1,2.4,120.0
3373.0,7.5,7.3,64.0,1.9,3.3,42.0
3374.0,7.6,7.3,65.0,1.9,3.8,43.0
2051.0,7.2,7.3,275.0,1.5,0.1,68.0
1403.0,6.2,7.8,165.0,2.1,0.0,340.0
1404.0,6.4,7.8,158.0,4.1,0.5,500.0
1726.0,6.6,7.9,210.0,4.2,1.9,572.0
1150.0,7.3,7.9,693.0,0.5,1.0,173.0
1246.0,5.0,7.6,1676.0,1.8,8.0,174.0
1434.0,6.0,7.7,1863.0,8.6,1.0,1183.0
1149.0,5.3,7.8,817.0,2.8,1.0,23.0
1860.0,4.5,8.3,1287.0,1.5,11.0,5.0
1148.0,6.8,8.2,1862.0,2.5,0.87,64.0
1862.0,6.7,8.1,2520.0,7.2,1.0,41.0
1399.0,5.6,7.5,41.0,2.0,0.08,13410.0
1475.0,5.5,6.7,209.0,0.8,0.17,2915.0
3181.0,5.5,7.1,123.0,1.5,0.09,6264.0
3182.0,5.3,7.3,182.0,1.5,0.08,3080.0
1400.0,6.0,7.6,100.0,1.2,0.17,6086.0
1476.0,5.7,6.9,111.0,1.0,0.14,3061.0
3185.0,6.4,7.1,140.0,1.1,0.1,7908.0
3186.0,6.2,7.8,44.0,2.0,0.06,9320.0
3187.0,6.1,7.6,43.0,1.8,0.06,9554.0
1543.0,7.0,6.9,64.0,1.1,0.09,2841.0
1548.0,6.6,6.5,62.0,1.0,0.14,7190.0
2276.0,7.0,6.8,304.0,2.0,0.49,23867.0
2275.0,7.0,7.0,55.0,1.2,0.66,2813.0
3189.0,6.3,7.6,213.0,1.5,0.06,7069.0
1546.0,6.7,6.8,83.0,1.2,0.17,3559.0
2270.0,7.1,6.6,76.0,1.0,0.12,3527.0
2272.0,6.7,6.6,107.0,1.3,0.22,3757.0
1545.0,7.2,6.7,89.0,0.9,0.06,1996.0
2274.0,4.2,6.7,192.0,2.0,0.16,9286.0
2271.0,6.3,6.6,79.0,1.6,0.19,6054.0
2273.0,5.6,7.7,142.0,1.7,0.14,3644.0
3183.0,2.8,6.4,424.0,3.2,0.35,21036.0
3184.0,5.2,7.1,306.0,2.6,0.34,1525.0
3190.0,5.6,7.7,40.0,1.5,0.07,7130.0
3191.0,5.5,7.7,40.0,1.5,0.08,12282.0
1547.0,6.9,6.7,63.0,0.9,0.21,1132.0
3188.0,6.3,7.6,227.0,1.7,0.08,3612.0
1544.0,7.1,6.6,68.0,1.1,0.13,8167.0
2651.0,6.9,7.7,121.0,3.3,1.0,163.0
1461.0,7.2,8.2,112.0,3.3,1.0,94.0
2653.0,6.9,7.7,103.0,3.7,0.57,103.0
2654.0,6.9,7.6,104.0,3.5,0.75,79.0
1092.0,6.4,7.4,1003.0,4.3,2.89,753.0
2670.0,6.3,8.3,408.0,2.7,1.58,157.0
1152.0,6.7,7.8,105.0,3.6,1.0,89.0
2198.0,6.3,7.6,209.0,4.4,1.86,98.0
2671.0,5.9,7.6,13768.0,5.0,1.79,300.0
2672.0,7.3,7.7,86.0,3.2,1.0,93.0
2168.0,3.6,7.4,6487.0,30.5,1.5,745.0
2676.0,6.3,8.3,999.0,3.3,1.78,112.0
1151.0,7.2,7.7,125.0,3.3,1.0,89.0
1462.0,7.1,7.5,127.0,3.4,4.4,63.0
2685.0,7.1,7.4,5300.0,38.0,1.0,667.0
2686.0,7.2,7.6,127.0,3.2,1.0,51.0
2687.0,7.0,7.6,126.0,3.3,1.0,63.0
2688.0,7.2,7.6,126.0,3.4,1.89,64.0
2689.0,7.1,7.8,112.0,3.2,0.63,88.0
2199.0,6.8,7.7,9590.0,3.6,4.57,124.0
2701.0,6.8,7.4,174.0,3.7,2.26,124.0
2702.0,6.8,7.6,2572.0,3.3,4.22,118.0
2703.0,6.7,7.8,6030.0,4.4,4.78,138.0
2704.0,6.8,7.7,7207.0,3.9,4.25,120.0
2706.0,6.8,8.1,167.0,3.8,1.0,85.0
2707.0,6.8,8.0,173.0,3.5,1.0,98.0
2708.0,7.0,8.0,168.0,3.6,1.0,83.0
2709.0,6.9,7.9,131.0,3.5,0.75,96.0
1094.0,7.0,7.6,125.0,3.5,0.6,63.0
2162.0,7.2,7.5,132.0,3.3,0.9,88.0
2712.0,7.2,7.7,119.0,3.3,1.0,68.0
2164.0,6.9,7.5,159.0,2.8,1.0,82.0
2713.0,6.7,7.7,141.0,3.3,3.0,90.0
2714.0,7.3,7.7,132.0,2.9,2.0,88.0
1342.0,6.4,7.3,76.0,1.7,0.62,788.0
1443.0,6.0,7.1,85.0,1.7,0.53,538.0
3465.0,6.3,7.1,69.0,1.3,0.57,593.0
3466.0,6.5,7.3,76.0,1.6,0.55,545.0
2297.0,6.7,6.6,60.0,1.2,0.34,435.0
2319.0,7.0,6.6,3544.0,1.5,0.37,435.0
2286.0,6.7,7.3,51.0,0.8,0.35,1567.0
2331.0,6.9,7.7,107.0,0.7,0.46,443.0
2332.0,6.7,7.9,173.0,0.9,0.56,426.0
1154.0,5.6,6.9,126.0,1.2,0.67,990.0
20.0,7.3,7.4,70.0,0.8,0.31,4208.0
21.0,6.9,7.4,12754.0,0.8,0.29,2557.0
3464.0,7.1,7.4,80.0,0.6,0.5,2831.0
1572.0,7.2,6.9,62.0,1.3,0.11,150.0
1573.0,3.4,6.7,2965.0,2.3,1.11,1236.0
2295.0,6.1,7.2,15871.0,0.9,0.25,2975.0
1564.0,6.4,7.2,120.0,1.9,0.77,618.0
2287.0,6.2,7.2,7448.0,2.0,1.01,483.0
1566.0,6.6,6.9,77.0,1.6,0.29,756.0
2293.0,6.8,7.0,72.0,1.7,0.2,785.0
2337.0,2.9,6.7,305.0,2.2,1.28,1623.0
2338.0,3.0,6.6,86.0,2.0,0.39,1319.0
42.0,6.7,7.1,79.0,1.6,0.34,738.0
2294.0,3.6,7.3,32790.0,2.6,0.59,112867.0
3460.0,6.1,7.8,2905.0,1.3,0.54,997.0
3458.0,6.9,7.4,112.0,0.5,0.35,67.0
1571.0,7.0,6.9,51.0,1.1,0.18,317.0
1155.0,3.1,7.2,1416.0,13.2,4.41,19917.0
3471.0,7.0,7.1,30.0,0.5,0.32,496.0
2289.0,6.1,7.0,59.0,1.8,0.58,282.0
2301.0,6.0,6.4,61.0,2.1,0.28,300.0
2291.0,6.3,7.0,105.0,2.8,0.37,543.0
2326.0,6.9,8.1,502.0,0.9,0.72,615.0
1569.0,5.9,6.7,14662.0,1.5,0.52,377.0
2298.0,7.8,6.8,49.0,1.4,0.3,319.0
1567.0,7.1,7.4,380.0,1.0,0.14,66382.0
1568.0,7.3,7.2,67.0,0.9,0.38,3471.0
2285.0,6.2,7.2,51.0,0.8,0.23,942.0
1340.0,7.2,6.8,69.0,1.2,0.45,941.0
1384.0,6.9,6.7,75.0,2.5,0.4,701.0
3459.0,6.3,7.4,113.0,0.6,0.88,128.0
2307.0,7.6,6.8,79.0,1.6,0.31,109.0
1339.0,7.0,7.2,57.0,0.6,0.46,3558.0
2304.0,5.9,7.0,22576.0,1.5,0.35,253.0
43.0,6.8,7.2,105.0,0.6,0.39,2392.0
2302.0,6.3,6.7,2315.0,1.3,0.17,278.0
1570.0,6.4,6.9,18569.0,1.0,0.27,277.0
1563.0,6.6,7.3,45.0,0.6,0.39,940.0
2284.0,6.9,7.2,42.0,0.5,0.18,774.0
2288.0,6.0,7.3,92.0,1.7,0.56,597.0
1156.0,6.1,7.2,59.0,0.7,1.04,311.0
1341.0,4.5,6.9,1190.0,0.7,1.17,388.0
1565.0,4.2,7.0,69.0,0.6,1.04,420.0
17.0,6.0,7.0,5569.0,2.2,0.68,1894.0
18.0,7.3,7.0,34.0,1.0,0.27,927.0
1338.0,6.3,7.0,44.0,1.6,0.32,1876.0
2333.0,6.4,7.2,49.0,1.4,0.23,1357.0
2334.0,5.9,7.0,3272.0,2.2,0.62,1284.0
2335.0,4.6,7.0,65.0,1.7,0.28,1937.0
2336.0,6.5,6.9,4650.0,2.0,1.0,1573.0
3468.0,6.5,7.0,42.0,1.4,1.0,1221.0
2300.0,6.4,6.4,45.0,1.2,1.0,376.0
2303.0,6.0,6.1,56.0,1.2,0.0,438.0
2290.0,5.3,6.8,99.0,2.8,0.79,523.0
2299.0,3.6,6.5,22131.0,1.8,0.95,261.0
2305.0,6.9,6.7,66.0,1.8,0.0,205.0
2296.0,6.0,6.6,67.0,1.5,3.69,398.0
2292.0,4.9,6.8,9107.0,1.6,1.0,614.0
2306.0,6.3,7.0,18931.0,1.4,1.0,201.0
3473.0,6.6,6.8,15525.0,1.1,0.06,347.0
1442.0,7.1,7.5,46.0,0.8,1.0,1097.0
1448.0,6.0,7.3,432.0,1.2,3.0,78.0
2352.0,6.1,7.7,328.0,1.2,1.0,211.0
3080.0,5.8,7.8,707.0,0.6,0.85,1100.0
3081.0,6.1,8.0,674.0,0.9,1.0,1260.0
1444.0,7.3,7.3,164.0,2.3,1.0,336.0
2780.0,7.6,7.4,122.0,2.4,1.0,834.0
1894.0,6.5,7.1,95.0,1.0,0.0,212.0
1892.0,6.5,7.1,56.0,1.0,0.0,79.0
2423.0,7.5,7.8,237.0,1.4,0.89,18918.0
2424.0,7.6,7.6,3688.0,2.3,2.66,32918.0
2425.0,7.3,7.5,82.0,1.2,1.58,17512.0
2422.0,7.5,8.0,202.0,1.4,1.89,23191.0
1642.0,7.3,7.9,232.0,2.9,2.23,30836.0
1643.0,7.4,7.9,246.0,2.3,1.9,3900.0
1455.0,6.9,8.1,3960.0,2.0,2.26,22523.0
1456.0,7.0,8.0,28222.0,1.8,2.54,10469.0
2426.0,7.2,7.8,201.0,1.3,1.59,31034.0
2427.0,7.3,8.0,221.0,1.2,2.26,5289.0
1450.0,6.7,7.5,1088.0,1.7,0.0,474.0
1159.0,7.2,6.5,73.0,3.1,0.0,59.0
1160.0,6.7,6.3,98.0,3.3,1.5,74.0
1161.0,6.3,6.5,143.0,4.0,4.0,124.0
1162.0,6.6,6.9,260.0,5.4,1.0,53.0
1328.0,7.1,6.3,71.0,3.5,1.0,82.0
1329.0,6.9,6.3,65.0,3.5,0.0,52.0
1330.0,7.3,7.1,607.0,3.6,0.88,104.0
3025.0,6.1,7.0,446.0,5.2,0.56,77.0
3026.0,6.9,6.4,94.0,3.2,1.59,65.0
3027.0,6.8,6.8,451.0,9.4,0.55,58.0
3028.0,6.0,6.6,169.0,3.9,2.0,84.0
3029.0,6.5,6.7,187.0,3.3,3.0,113.0
3023.0,3.4,7.8,2577.0,164.9,1.5,160405392.0
1023.0,5.5,7.2,636.0,9.7,4.0,4975.0
1024.0,4.7,7.3,1088.0,23.8,4.0,56000.0
1295.0,5.3,7.2,689.0,11.3,4.0,6025.0
1473.0,4.9,7.3,1267.0,23.5,3.0,54250.0
1698.0,5.3,7.4,852.0,13.0,4.0,26750.0
1699.0,4.9,7.5,977.0,16.5,5.0,30500.0
1700.0,4.4,7.4,1256.0,24.8,6.0,55250.0
1701.0,4.8,7.2,1021.0,20.3,4.0,43700.0
1702.0,5.1,7.3,971.0,14.8,5.0,8425.0
1703.0,4.6,7.4,1284.0,24.3,4.0,50000.0
1704.0,4.0,7.4,1096.0,26.0,3.0,57500.0
1705.0,4.4,7.3,1002.0,21.5,4.0,43750.0
1718.0,4.8,7.6,295.0,0.8,0.0,9.0
1871.0,7.1,7.5,293.0,1.3,0.0,19.0
2624.0,7.1,7.5,316.0,1.4,0.0,22.0
2625.0,6.6,7.5,274.0,1.6,0.0,24.0
1870.0,4.9,7.4,407.0,16.3,0.0,120.0
2947.0,4.9,8.3,603.0,1.0,0.0,5.0
1717.0,5.5,7.4,138.0,0.8,0.0,6.0
2948.0,5.5,8.1,625.0,1.1,0.0,6.0
1719.0,5.0,7.3,305.0,1.7,0.0,12.0
2949.0,5.6,8.1,552.0,1.1,0.0,6.0
3305.0,7.3,7.3,402.0,2.1,0.0,32.0
3383.0,7.2,7.3,99.0,2.2,1.0,57.0
3384.0,7.2,7.4,102.0,2.2,1.0,56.0
3380.0,7.6,7.2,72.0,1.8,2.56,57.0
1632.0,7.1,7.5,131.0,2.2,3.2,413.0
1428.0,5.2,2.9,682.0,7.8,1.5,30.0
3369.0,7.3,7.1,47.0,1.3,2.0,48.0
3370.0,7.6,7.2,52.0,1.2,2.0,36.0
3371.0,8.0,6.9,64.0,1.8,3.38,49.0
3372.0,7.9,7.3,46.0,1.4,1.0,29.0
3373.0,7.4,7.2,53.0,1.9,3.0,32.0
3374.0,7.7,7.2,55.0,1.6,3.0,63.0
3375.0,6.8,2.7,1074.0,3.2,2.33,11.0
3376.0,7.1,6.5,237.0,3.8,4.56,1072.0
3381.0,7.8,7.2,50.0,1.6,1.77,41.0
3382.0,7.3,7.3,71.0,2.0,2.66,47.0
3377.0,7.3,7.0,91.0,1.8,3.3,45.0
3378.0,7.4,7.1,49.0,1.7,2.44,42.0
1631.0,6.5,7.1,99.0,2.7,3.56,2722.0
3379.0,7.5,5.7,50.0,1.5,2.21,23.0
3367.0,5.8,6.9,68.0,3.1,4.9,463.0
3368.0,6.9,7.2,44.0,1.4,2.66,33.0
1633.0,7.8,7.3,93.0,1.9,2.99,444.0
3353.0,6.6,7.0,66.0,2.3,4.0,63.0
3354.0,7.6,7.1,53.0,1.7,3.0,53.0
3355.0,7.8,7.0,47.0,1.4,2.0,35.0
3356.0,7.7,7.4,128.0,1.6,3.32,56.0
3350.0,7.1,7.0,54.0,1.8,2.58,43.0
3351.0,7.4,7.0,69.0,1.6,3.3,87.0
3352.0,7.5,7.2,58.0,1.6,2.25,46.0
3359.0,3.1,7.2,401.0,21.8,19.0,31444.0
3360.0,4.7,7.2,202.0,13.6,15.0,20056.0
3361.0,2.1,7.2,303.0,37.2,18.2,62333.0
3362.0,1.8,7.2,394.0,40.6,15.4,96944.0
3357.0,7.2,6.9,55.0,1.7,3.04,56.0
3358.0,7.9,7.1,55.0,1.2,3.55,50.0
3363.0,6.9,6.9,52.0,2.2,3.48,45.0
3364.0,1.9,7.0,306.0,34.2,17.9,85667.0
3365.0,4.5,7.1,196.0,15.5,11.0,43333.0
1427.0,7.2,7.1,107.0,6.7,5.56,476.0
3366.0,7.5,7.0,82.0,2.1,3.02,122.0
1403.0,6.6,7.7,165.0,1.7,0.0,325.0
1404.0,6.7,7.8,167.0,4.8,1.0,520.0
1726.0,6.6,7.7,183.0,3.7,1.55,575.0
1393.0,7.1,7.8,151.0,8.0,0.08,
1150.0,7.2,7.4,319.0,0.7,0.18,10.0
1865.0,6.2,8.4,894.0,9.0,0.38,350.0
1434.0,2.2,8.0,1835.0,17.9,0.86,25478.0
1980.0,2.0,7.7,3165.0,32.3,3.44,15173.0
1149.0,2.4,7.6,1500.0,6.2,1.31,13.0
1399.0,5.9,7.2,52.0,2.1,0.08,90.0
1475.0,6.1,6.8,408.0,1.3,0.17,3808.0
3181.0,5.5,6.9,143.0,1.3,0.09,11113.0
3182.0,5.4,7.2,60.0,1.5,0.08,2309.0
1400.0,5.8,7.2,34.0,5.3,0.17,3322.0
1476.0,5.9,6.7,125.0,1.5,0.14,5793.0
3185.0,6.4,6.7,175.0,1.3,0.1,3636.0
3186.0,6.2,7.7,39.0,1.3,0.06,4517.0
3187.0,6.1,7.8,39.0,1.5,0.06,5840.0
1543.0,7.3,6.9,61.0,0.7,0.09,4388.0
1548.0,6.8,6.6,71.0,1.5,0.14,3949.0
2276.0,7.4,6.5,129.0,2.3,0.49,16691.0
2275.0,7.0,6.8,503.0,1.6,0.66,2404.0
3189.0,6.3,7.5,31.0,1.6,0.06,4267.0
1546.0,7.1,6.8,70.0,0.8,0.17,3567.0
2270.0,7.3,6.8,69.0,1.2,0.12,2446.0
2272.0,6.7,6.6,118.0,1.0,0.22,3496.0
1545.0,7.4,6.8,80.0,1.3,0.06,1404.0
2274.0,4.5,6.6,250.0,2.4,0.16,5889.0
2271.0,6.1,6.9,74.0,1.8,0.19,3937.0
2273.0,5.9,7.3,44.0,1.6,0.14,2794.0
3183.0,2.4,6.5,195.0,4.8,0.35,14217.0
3184.0,4.0,6.8,207.0,1.8,0.34,2280.0
3190.0,5.4,7.6,40.0,1.6,0.07,1330.0
3191.0,5.3,7.6,41.0,1.4,0.08,2517.0
1547.0,7.0,6.9,54.0,0.8,0.21,3059.0
3188.0,5.9,7.7,44.0,2.1,0.08,831.0
1544.0,7.1,6.5,60.0,1.7,0.13,8163.0
2651.0,6.9,7.7,99.0,3.3,0.56,123.0
1461.0,6.6,7.9,123.0,3.2,0.52,104.0
2653.0,6.6,7.7,220.0,3.6,0.65,77.0
2654.0,6.8,7.7,219.0,3.4,0.63,75.0
1092.0,4.8,7.2,5429.0,8.4,2.08,408.0
2670.0,6.4,8.0,493.0,4.2,3.91,68.0
1152.0,6.8,7.6,100.0,3.0,0.54,295.0
2198.0,6.7,7.5,316.0,4.6,0.6,132.0
2671.0,5.8,7.9,37227.0,9.5,1.42,451.0
2672.0,6.9,7.7,84.0,3.1,0.42,168.0
2168.0,4.9,7.6,21254.0,55.5,2.18,964.0
2676.0,6.9,7.9,312.0,2.7,1.58,107.0
1151.0,6.8,7.5,146.0,3.0,0.6,241.0
1462.0,6.7,7.3,127.0,2.9,0.59,209.0
2685.0,5.6,6.9,432.0,4.5,1.72,173.0
2686.0,6.5,7.3,126.0,3.0,0.59,284.0
2687.0,7.1,7.5,128.0,3.0,0.6,297.0
2688.0,6.4,7.3,129.0,3.1,0.6,191.0
2689.0,6.9,7.7,129.0,2.9,0.55,268.0
2696.0,7.0,7.9,153.0,2.9,0.55,86.0
2199.0,6.4,7.6,10165.0,3.7,2.14,139.0
2701.0,6.9,7.7,307.0,2.8,3.6,123.0
2702.0,6.3,7.7,322.0,3.5,1.1,116.0
2703.0,6.5,7.5,5835.0,3.4,1.72,126.0
2704.0,6.3,7.4,9245.0,4.7,2.0,134.0
2706.0,6.5,8.1,1907.0,4.0,0.55,115.0
2707.0,7.0,8.0,1896.0,3.5,0.64,245.0
2708.0,7.0,8.0,206.0,2.9,0.56,74.0
2709.0,6.8,7.8,239.0,3.3,0.56,77.0
1093.0,6.4,7.6,152.0,3.2,0.96,142.0
1094.0,6.7,7.7,146.0,3.0,0.89,73.0
2162.0,6.7,7.6,137.0,2.9,0.76,64.0
2712.0,6.6,7.8,228.0,3.5,0.57,79.0
2164.0,7.0,7.7,409.0,2.4,0.93,112.0
2713.0,6.8,7.6,263.0,2.9,0.81,123.0
2714.0,6.9,7.5,338.0,2.3,3.93,108.0
1342.0,7.0,7.2,79.0,0.8,0.62,637.0
1443.0,6.6,7.0,67.0,1.1,0.53,670.0
3465.0,6.6,7.3,59.0,0.7,0.57,541.0
3466.0,6.2,7.3,66.0,0.8,0.55,609.0
2297.0,7.1,7.0,67.0,1.0,0.34,538.0
2319.0,7.0,6.7,5341.0,1.1,0.37,528.0
2286.0,6.7,7.3,89.0,1.1,0.35,2025.0
2331.0,6.2,7.3,136.0,1.0,0.46,676.0
2332.0,7.1,8.1,212.0,0.9,0.56,992.0
1154.0,6.3,6.3,134.0,1.2,0.67,780.0
20.0,7.3,7.2,76.0,0.6,0.31,893.0
21.0,7.0,7.3,11041.0,0.9,0.29,503.0
3464.0,6.8,7.1,75.0,0.8,0.5,1169.0
1572.0,7.4,7.2,61.0,0.7,0.11,255.0
1573.0,1.7,6.6,769.0,3.4,1.11,1717.0
2295.0,6.1,7.5,14083.0,1.4,0.25,2686.0
1564.0,6.6,7.2,92.0,0.8,0.77,660.0
2287.0,6.6,7.2,1348.0,0.8,1.01,810.0
1566.0,6.0,6.7,95.0,1.2,0.29,680.0
2293.0,6.6,6.8,78.0,1.0,0.2,626.0
2337.0,0.6,6.7,268.0,4.1,1.28,1308.0
2338.0,1.8,6.6,82.0,2.0,0.39,1410.0
42.0,7.1,7.2,61.0,1.0,0.34,608.0
2294.0,3.9,7.6,30298.0,2.5,0.59,7240.0
3460.0,6.6,8.0,310.0,1.1,0.54,783.0
3458.0,7.0,7.1,97.0,0.8,0.35,77.0
1571.0,7.3,7.0,51.0,0.7,0.18,258.0
1155.0,0.5,7.1,1717.0,21.2,4.41,15833.0
3471.0,7.0,7.4,55.0,0.9,0.32,1400.0
2289.0,6.1,6.8,67.0,1.1,0.58,394.0
2301.0,7.0,6.7,61.0,1.3,0.28,248.0
2291.0,5.2,6.9,81.0,1.5,0.37,465.0
2326.0,6.1,8.0,510.0,1.1,0.72,1572.0
1569.0,6.5,6.9,12150.0,1.8,0.52,1481.0
2298.0,7.9,7.2,50.0,1.1,0.3,845.0
1567.0,7.5,6.9,34.0,0.9,0.14,256.0
1568.0,7.0,7.4,72.0,1.0,0.38,897.0
2285.0,7.3,7.3,99.0,0.9,0.23,1788.0
1340.0,7.5,6.9,125.0,1.6,0.45,1400.0
1384.0,6.8,6.9,116.0,1.7,0.4,1260.0
3459.0,5.8,7.3,107.0,0.9,0.88,343.0
2307.0,7.1,7.2,85.0,0.8,0.31,184.0
1339.0,6.8,7.1,58.0,0.7,0.46,3460.0
2304.0,5.7,7.3,13197.0,1.5,0.35,144.0
43.0,6.7,7.1,58.0,1.2,0.39,1739.0
2302.0,7.0,6.9,3453.0,0.9,0.17,278.0
1570.0,6.5,7.0,14369.0,1.3,0.27,175.0
1563.0,6.6,7.3,70.0,1.4,0.39,1875.0
2284.0,7.0,7.3,60.0,0.8,0.18,1813.0
2288.0,6.3,7.2,97.0,0.8,0.56,880.0
1156.0,6.0,7.0,63.0,1.1,1.04,493.0
1341.0,4.4,7.1,113.0,1.5,1.17,722.0
1565.0,4.5,7.2,79.0,1.0,1.04,537.0
17.0,5.1,6.9,1789.0,2.1,0.68,1946.0
18.0,7.5,7.2,36.0,1.1,0.27,1134.0
1338.0,6.8,7.0,59.0,1.3,0.32,2267.0
2333.0,6.8,6.9,114.0,1.4,0.23,1785.0
2334.0,5.9,6.8,1108.0,2.2,0.62,1520.0
2335.0,4.9,6.7,88.0,2.2,0.28,2200.0
2336.0,6.8,6.9,1686.0,1.4,0.25,1223.0
3468.0,7.1,6.9,45.0,1.2,0.29,1636.0
2300.0,6.9,6.6,56.0,1.1,0.3,542.0
2303.0,6.5,6.3,49.0,1.0,0.22,323.0
2290.0,4.9,6.6,169.0,2.1,0.76,1241.0
2299.0,4.2,6.5,19575.0,1.4,0.39,528.0
2305.0,6.9,7.1,63.0,0.9,0.16,336.0
2296.0,6.6,6.7,69.0,0.8,0.38,464.0
2292.0,4.5,6.6,6381.0,2.1,0.34,435.0
2306.0,6.2,7.2,9326.0,1.3,0.22,141.0
3473.0,6.6,7.1,15158.0,1.1,0.26,810.0
1442.0,6.3,7.3,74.0,1.2,0.29,1813.0
1448.0,6.0,7.6,429.0,1.1,1.1,362.0
2352.0,6.0,7.8,308.0,1.1,1.47,343.0
3080.0,5.8,7.4,505.0,0.6,0.73,1517.0
3081.0,6.1,7.5,465.0,0.5,0.34,1458.0
1444.0,6.4,7.1,183.0,2.3,0.62,398.0
2780.0,7.1,7.4,135.0,1.9,0.72,995.0
1894.0,6.7,7.2,103.0,1.0,,70.0
1892.0,6.8,7.1,106.0,1.0,,137.0
2423.0,7.8,7.9,213.0,1.5,0.35,15083.0
2424.0,7.7,8.1,312.0,2.0,0.75,32017.0
2425.0,6.9,7.6,99.0,1.6,1.39,5395.0
2422.0,7.3,8.0,230.0,1.6,0.69,4348.0
1642.0,6.8,8.1,264.0,2.6,1.16,5142.0
1643.0,7.2,8.1,272.0,3.1,1.46,4586.0
1455.0,8.0,8.3,312.0,1.4,0.73,4319.0
1456.0,8.2,8.0,19595.0,2.0,0.94,1116.0
2426.0,7.0,8.0,199.0,1.8,1.11,3573.0
2427.0,7.2,8.1,201.0,1.6,0.36,2324.0
1685.0,6.8,7.8,505.0,2.1,0.02,
2444.0,6.5,7.9,11170.0,3.0,0.3,
2442.0,6.9,7.4,4990.0,3.0,0.37,
2443.0,6.8,8.1,1516.0,,0.28,
2445.0,6.0,7.3,44600.0,,0.23,
1450.0,6.8,7.5,890.0,2.1,0.51,589.0
1159.0,7.3,7.6,160.0,1.9,0.06,89.0
1160.0,7.0,7.7,111.0,2.2,0.08,131.0
1161.0,6.7,7.7,139.0,3.1,0.22,300.0
1162.0,7.2,7.2,288.0,2.1,0.14,91.0
1328.0,7.0,7.1,95.0,1.9,0.08,118.0
1329.0,7.0,7.5,84.0,1.7,0.06,87.0
1330.0,7.4,7.0,3101.0,15.6,0.15,174.0
3025.0,7.2,7.3,510.0,2.9,0.08,123.0
3026.0,7.1,7.4,88.0,1.8,0.07,90.0
3027.0,7.2,6.9,338.0,3.8,0.07,104.0
3028.0,6.7,7.6,162.0,3.3,0.16,249.0
3029.0,6.7,7.6,182.0,4.1,0.15,251.0
3023.0,0.2,7.2,2219.0,185.8,1.75,300000000.0
1885.0,6.8,8.0,414.0,3.1,0.88,
1023.0,5.5,7.4,635.0,8.8,5.08,5500.0
1024.0,5.5,7.4,1051.0,25.0,6.8,63000.0
1295.0,5.3,7.3,636.0,9.9,5.0,10000.0
1473.0,5.1,7.4,993.0,21.9,6.63,57750.0
1698.0,5.3,7.5,632.0,13.5,5.08,34750.0
1699.0,4.9,7.4,973.0,17.5,4.77,40667.0
1700.0,4.3,7.5,1156.0,24.5,7.65,65000.0
1701.0,4.8,7.4,904.0,26.0,8.6,55000.0
1702.0,5.1,7.4,1110.0,16.0,14.85,12000.0
1703.0,5.3,7.4,1290.0,26.9,8.1,66250.0
1704.0,4.9,7.4,990.0,27.8,6.78,40500.0
1705.0,5.2,7.4,914.0,20.5,6.18,29500.0
1025.0,6.4,7.9,1808.0,21.0,5.9,
1026.0,6.6,7.8,1302.0,18.0,,
1887.0,6.4,8.0,1286.0,19.5,,
1718.0,4.8,7.5,280.0,2.4,0.72,4.0
1871.0,7.7,7.4,344.0,1.2,0.37,19.0
2624.0,7.3,7.0,310.0,1.4,0.38,22.0
2625.0,7.1,7.7,303.0,1.5,0.34,23.0
1884.0,3.3,7.5,1630.0,185.0,1.75,
1870.0,6.2,7.5,788.0,41.5,4.08,235.0
2947.0,6.0,8.3,468.0,1.4,0.43,16.0
1717.0,5.9,7.3,234.0,1.5,0.36,12.0
2948.0,6.4,8.0,527.0,1.2,0.35,21.0
2949.0,5.9,7.9,796.0,1.5,0.48,14.0
3305.0,7.3,7.4,388.0,2.1,0.58,46.0
3383.0,7.7,7.2,95.0,1.8,2.67,50.0
3384.0,7.6,7.2,92.0,2.5,2.41,45.0
3380.0,9.9,7.2,65.0,1.5,2.31,55.0
1632.0,7.6,7.4,93.0,2.1,2.89,408.0
1428.0,5.5,2.9,568.0,6.8,1.12,33.0
3369.0,7.6,7.0,42.0,1.3,3.01,27.0
3370.0,7.7,7.1,45.0,1.4,2.89,22.0
3371.0,8.3,7.0,59.0,1.7,2.86,33.0
3375.0,6.9,2.6,1072.0,3.2,1.17,21.0
3376.0,7.7,6.3,250.0,2.1,3.88,326.0
3381.0,8.8,7.3,37.0,1.5,1.62,35.0
3382.0,7.3,7.3,72.0,2.0,1.65,36.0
3377.0,7.5,7.0,38.0,1.7,2.2,40.0
3378.0,7.8,7.1,44.0,1.6,2.62,33.0
1631.0,7.0,7.0,100.0,2.4,3.03,2600.0
3379.0,7.5,6.3,52.0,1.7,0.82,21.0
3367.0,6.4,6.9,61.0,2.6,3.88,538.0
3368.0,7.5,7.1,39.0,1.4,2.88,22.0
3372.0,8.0,7.1,41.0,1.4,3.35,25.0
1633.0,7.9,7.3,93.0,1.7,5.02,418.0
3353.0,7.5,6.9,69.0,1.9,4.92,49.0
3354.0,7.9,7.2,46.0,1.7,2.72,45.0
3355.0,8.0,7.2,42.0,1.4,2.47,31.0
3356.0,7.7,7.1,101.0,1.5,3.42,43.0
3350.0,7.2,7.1,49.0,1.6,2.86,40.0
3351.0,8.2,7.1,49.0,1.2,2.81,32.0
3352.0,7.8,7.1,58.0,1.5,2.97,43.0
3359.0,3.9,7.1,235.0,16.9,16.61,23000.0
3360.0,4.9,7.1,182.0,14.2,11.61,15500.0
3361.0,2.7,7.1,281.0,35.4,14.84,62667.0
3362.0,2.5,7.1,382.0,37.2,11.81,87167.0
3357.0,8.0,7.0,48.0,1.4,3.8,41.0
3358.0,8.4,7.1,48.0,1.2,3.08,45.0
3363.0,6.8,6.6,49.0,1.9,3.07,38.0
3364.0,2.1,7.0,286.0,45.6,10.61,84500.0
3365.0,4.0,7.1,194.0,22.4,10.47,45250.0
1427.0,7.7,7.2,107.0,6.6,3.02,425.0
3366.0,7.6,7.1,51.0,2.0,2.6,81.0
3373.0,7.7,7.1,46.0,1.6,3.93,22.0
3374.0,7.7,7.1,49.0,1.9,3.89,26.0
2050.0,6.5,7.4,297.0,1.0,0.13,438.0
2051.0,6.3,7.5,287.0,0.9,0.14,204.0
2052.0,6.5,7.2,375.0,1.1,0.17,625.0
2053.0,6.9,6.9,349.0,1.1,0.18,503.0
1403.0,6.6,7.8,165.0,1.6,,316.0
1404.0,6.4,8.0,155.0,3.9,0.5,516.0
1726.0,6.5,8.0,168.0,4.2,0.99,616.0
2460.0,4.6,8.0,23576.0,158.8,6.88,46.0
1150.0,7.1,7.3,212.0,1.4,0.84,6.0
1246.0,5.0,8.3,12771.0,4.1,1.48,30.0
1860.0,6.7,8.0,304.0,1.5,0.18,3550.0
1861.0,5.8,7.7,1315.0,2.5,0.22,6800.0
1862.0,5.9,7.6,36593.0,3.9,0.07,3200.0
1865.0,7.6,7.7,1291.0,10.0,0.34,77.0
1148.0,6.0,7.7,18865.0,3.6,3.12,2450.0
1435.0,4.3,8.4,605.0,6.5,1.68,15.0
1149.0,3.7,8.2,600.0,4.3,1.66,20.0
1438.0,4.6,7.2,729.0,4.0,0.33,2300.0
1399.0,6.8,6.5,43.0,1.1,0.42,178.0
1475.0,6.6,7.0,59.0,1.1,0.27,113.0
1400.0,6.0,6.2,106.0,1.5,0.28,166.0
1476.0,5.9,6.6,516.0,1.1,0.18,169.0
1543.0,7.3,6.1,87.0,0.9,0.33,169.0
1548.0,7.3,5.9,74.0,1.5,0.22,163.0
2276.0,6.7,6.3,127.0,2.0,0.44,149.0
2275.0,6.8,6.2,226.0,1.6,0.18,151.0
1546.0,7.1,5.9,93.0,1.8,0.28,131.0
2270.0,7.4,6.2,76.0,1.3,0.41,133.0
2272.0,7.3,6.2,113.0,1.2,0.33,137.0
1545.0,7.3,5.9,100.0,1.3,0.27,173.0
2274.0,6.0,5.9,273.0,1.8,0.31,171.0
2271.0,6.1,6.5,201.0,2.0,0.43,149.0
2273.0,6.2,6.3,245.0,1.8,0.31,135.0
1547.0,7.0,6.5,75.0,0.9,0.22,166.0
1544.0,7.3,6.0,74.0,1.6,0.11,181.0
2651.0,7.1,7.9,108.0,3.3,0.42,137.0
2653.0,7.0,8.0,129.0,3.5,0.49,105.0
2654.0,7.0,8.0,130.0,3.3,0.46,93.0
1092.0,5.7,7.4,2323.0,6.3,1.47,541.0
2670.0,5.9,7.6,462.0,4.9,2.47,63.0
1152.0,7.0,7.7,107.0,3.8,0.4,285.0
2198.0,6.2,7.4,299.0,5.1,0.95,401.0
2671.0,5.9,7.8,33259.0,6.8,1.61,228.0
2672.0,7.2,7.9,77.0,3.2,0.42,282.0
2168.0,3.2,7.4,28018.0,46.0,1.67,1164.0
2676.0,6.8,7.8,350.0,2.6,1.99,72.0
1151.0,6.9,7.5,133.0,3.2,0.55,409.0
1462.0,6.9,7.5,143.0,3.4,0.54,307.0
2685.0,6.1,6.9,609.0,4.2,3.1,135.0
2686.0,6.8,7.4,129.0,3.2,0.86,133.0
2687.0,6.7,7.4,130.0,3.2,0.75,124.0
2688.0,6.6,7.4,130.0,5.0,0.74,158.0
2689.0,6.7,7.5,120.0,3.6,0.73,226.0
2696.0,7.1,7.9,139.0,3.2,0.45,147.0
2199.0,6.0,7.4,13925.0,59.1,3.08,116.0
2701.0,6.7,7.7,274.0,2.3,2.04,88.0
2702.0,6.3,7.9,326.0,2.5,2.32,71.0
2703.0,6.3,7.9,7392.0,2.4,6.41,71.0
2704.0,6.3,7.7,12051.0,4.4,5.37,102.0
2706.0,7.0,8.3,162.0,3.8,0.48,90.0
2707.0,7.0,8.3,212.0,3.6,0.44,90.0
2708.0,7.1,8.3,227.0,3.2,0.48,124.0
2709.0,6.8,8.2,314.0,4.3,0.45,69.0
1093.0,6.8,7.8,151.0,3.4,0.5,740.0
1094.0,7.0,7.8,123.0,3.4,0.44,100.0
2162.0,6.9,7.8,139.0,3.3,0.76,169.0
2712.0,6.8,8.2,313.0,4.0,0.49,99.0
2164.0,6.7,7.8,215.0,2.5,0.83,51.0
2713.0,6.7,7.8,204.0,2.5,0.77,68.0
2714.0,6.9,7.7,205.0,2.2,0.93,55.0
1342.0,7.1,6.9,72.0,0.5,0.25,641.0
1443.0,6.6,6.9,70.0,0.9,0.49,495.0
2297.0,6.9,7.1,52.0,0.8,0.18,520.0
2319.0,7.2,7.0,830.0,0.8,0.16,654.0
2286.0,6.3,6.9,95.0,1.3,0.99,1325.0
2331.0,7.2,7.4,164.0,0.9,0.46,2225.0
2332.0,6.9,7.5,231.0,0.8,0.55,1725.0
1154.0,6.5,6.9,101.0,1.3,0.47,1127.0
20.0,7.1,7.1,64.0,0.6,0.4,646.0
21.0,7.1,7.1,4600.0,0.6,0.35,538.0
1572.0,7.5,7.2,52.0,0.6,0.15,900.0
1573.0,2.0,6.8,265.0,2.4,2.3,5425.0
2295.0,5.6,7.0,12769.0,1.2,0.41,1650.0
1564.0,7.1,7.0,90.0,0.6,0.64,625.0
2287.0,6.1,7.0,248.0,0.8,0.66,1150.0
1566.0,6.0,7.0,94.0,1.1,0.13,370.0
2293.0,6.5,7.5,76.0,0.8,0.08,585.0
2337.0,1.5,6.6,192.0,3.6,0.92,2978.0
2338.0,2.0,6.8,79.0,2.4,0.2,1275.0
42.0,7.2,7.1,52.0,0.6,0.15,687.0
2294.0,4.0,7.5,25964.0,1.1,0.76,1588.0
1571.0,7.2,7.3,54.0,0.9,0.25,610.0
1155.0,0.8,7.1,1239.0,11.9,1.87,11000.0
2289.0,6.4,6.5,58.0,1.3,0.34,960.0
2301.0,6.3,6.8,77.0,1.2,0.16,208.0
2291.0,5.4,6.6,80.0,1.6,0.27,775.0
2326.0,5.8,7.8,666.0,1.0,0.24,1650.0
1569.0,6.6,7.2,12768.0,1.1,0.13,1412.0
2298.0,7.7,7.2,44.0,1.0,0.28,148.0
1567.0,7.1,7.0,27.0,0.4,0.11,218.0
1568.0,7.3,7.2,59.0,0.6,0.19,465.0
2285.0,7.8,7.1,119.0,0.7,0.87,1725.0
1340.0,7.3,7.1,54.0,1.3,0.41,913.0
1384.0,7.0,6.6,104.0,1.5,0.49,1000.0
2307.0,6.0,7.2,92.0,0.7,0.38,1390.0
1339.0,6.8,6.6,48.0,0.5,0.44,2025.0
2304.0,5.6,7.1,20455.0,0.6,0.58,675.0
43.0,7.0,7.0,56.0,1.1,0.43,1725.0
2302.0,6.7,6.9,2531.0,0.5,0.22,465.0
1570.0,6.2,7.2,15362.0,0.8,0.39,1303.0
1563.0,7.3,7.2,62.0,0.8,0.95,985.0
2284.0,7.6,7.2,59.0,0.6,0.65,1163.0
2288.0,6.4,6.8,83.0,0.5,0.42,575.0
1156.0,7.0,6.6,50.0,0.6,0.75,578.0
1341.0,6.7,6.8,76.0,1.2,1.21,625.0
1565.0,6.7,6.6,64.0,0.9,1.35,838.0
17.0,5.6,6.9,943.0,1.5,0.4,1925.0
18.0,7.4,7.0,38.0,0.9,0.26,1196.0
1338.0,6.7,6.9,43.0,1.0,0.3,2750.0
2333.0,7.1,7.3,48.0,1.5,0.36,1775.0
2334.0,6.2,6.8,309.0,1.6,0.39,2725.0
2335.0,5.2,6.8,61.0,1.8,0.33,2650.0
2336.0,6.8,6.9,995.0,1.1,0.24,1258.0
2300.0,6.8,6.9,52.0,0.9,0.45,198.0
2303.0,6.2,6.6,44.0,0.7,0.21,1630.0
2290.0,4.5,6.5,77.0,1.1,0.34,2675.0
2299.0,4.0,7.0,19279.0,0.9,0.03,233.0
2305.0,7.0,7.4,69.0,1.0,0.12,660.0
2296.0,6.5,6.8,58.0,0.5,0.24,1026.0
2292.0,4.6,6.9,98.0,0.6,0.11,348.0
2306.0,6.6,7.3,12327.0,0.6,0.71,2210.0
1442.0,7.1,7.0,51.0,1.0,0.78,1700.0
1448.0,6.2,7.5,371.0,1.1,1.62,528.0
2352.0,6.2,7.7,316.0,1.3,2.41,312.0
1444.0,7.3,7.1,241.0,2.9,1.17,185.0
2780.0,7.7,7.4,121.0,1.4,0.64,1255.0
1894.0,6.5,7.3,64.0,1.0,2.6,420.0
1892.0,6.9,7.4,57.0,1.0,1.28,409.0
2423.0,7.5,8.0,211.0,1.9,0.39,6858.0
2424.0,7.2,8.0,263.0,3.7,0.63,14725.0
2425.0,7.0,7.6,111.0,1.6,0.67,2743.0
2422.0,7.5,7.9,205.0,1.5,1.0,3542.0
1642.0,7.1,7.7,283.0,2.3,1.73,6692.0
1643.0,7.4,8.0,263.0,1.7,0.65,6617.0
1455.0,8.1,8.0,300.0,2.3,0.45,4569.0
1456.0,7.8,8.0,13103.0,2.1,0.59,739.0
2426.0,7.4,8.0,207.0,1.5,0.53,2872.0
2427.0,7.2,8.0,198.0,1.4,0.57,1850.0
1450.0,6.3,7.6,830.0,1.8,0.24,2020.0
1023.0,5.8,7.2,732.0,8.5,3.83,4838.0
1024.0,5.6,7.4,1322.0,15.3,15.0,41500.0
1295.0,5.4,7.3,809.0,10.0,4.2,8975.0
1473.0,5.7,7.3,1103.0,14.3,13.75,52500.0
1698.0,5.7,7.5,906.0,24.0,14.18,17625.0
1699.0,3.5,7.4,1064.0,20.0,13.2,14500.0
1700.0,3.2,7.6,1197.0,27.3,19.2,40250.0
1701.0,4.7,7.3,1383.0,32.8,16.4,42875.0
1702.0,4.8,7.4,1063.0,16.0,5.03,8025.0
1703.0,5.3,7.5,1532.0,18.3,15.8,63500.0
1704.0,5.6,7.5,1269.0,34.5,12.15,60000.0
1705.0,5.4,7.4,1194.0,22.0,8.3,35000.0
1718.0,4.8,7.9,650.0,3.2,0.68,62.0
1719.0,5.0,7.3,390.0,2.8,0.14,20.0
1871.0,8.3,7.6,334.0,1.0,0.49,16.0
2624.0,8.2,7.7,316.0,1.2,0.48,20.0
2625.0,8.3,7.6,304.0,1.2,0.51,20.0
1870.0,5.5,7.6,743.0,7.6,1.02,166.0
2948.0,5.1,7.8,657.0,1.7,0.26,23.0
1632.0,7.8,7.2,139.0,1.9,0.56,359.0
1428.0,6.5,3.1,489.0,6.1,0.52,47.0
1631.0,7.3,7.0,162.0,2.2,0.69,2633.0
1633.0,7.8,7.1,136.0,1.9,0.52,409.0
1427.0,7.7,7.1,205.0,7.0,0.84,461.0
2050.0,8.1,7.1,267.0,1.0,0.11,12.0
2051.0,8.0,7.0,278.0,1.1,0.11,18.0
2052.0,6.9,7.2,268.0,1.1,0.11,37.0
2053.0,6.8,7.1,286.0,1.3,0.11,29.0
1404.0,6.3,8.0,164.0,3.4,0.3,528.0
1726.0,6.6,7.9,196.0,4.4,0.8,648.0
2459.0,5.6,7.5,15608.0,25.0,18.73,5.0
1860.0,5.1,8.1,533.0,3.7,0.45,7500.0
1861.0,7.1,8.0,555.0,2.0,0.35,15000.0
1862.0,6.8,8.2,26600.0,3.1,0.62,23000.0
1865.0,8.1,7.6,938.0,8.6,0.4,108.0
1148.0,6.2,7.8,7778.0,2.7,0.26,6581.0
1438.0,3.2,7.7,885.0,6.3,0.51,9575.0
1633.0,8.23,7.38,143.0,1.55,3.55,360.0
1404.0,6.2,7.7,176.0,3.5,0.2,592.0
1726.0,6.3,8.0,198.0,4.2,0.3,686.0
